"RUN_INDEX","SAMPLE_INDEX","SAMPLE_LABEL","FILE_NAME","PLATE_POSITION","PLATE_NUMBER","EXTRACTION_METHOD","IONIZATION_MODE","SAMPLE_AMOUNT","SPECIES","TISSUE_OR_BODY_FLUID_OR_CELL_LINE","GENERAL_TREATMENT_OR_CONDITION","DIFFERENTIAL_TREATMENT_OR_CONDITION","DIFFERENTIAL_TREATMENT_CONCENTRATION_OR_INTENSITY","BIOLOGICAL_REPLICATE","EXPERIMENTAL_REPLICATE","NUMBER_OF_ANALYTICAL_REPLICATES","FLAG_FOR_QA_SAMPLES","TIME_POINT","UNIT_AMOUNT","UNIT_TIME_POINT","ORIGINAL_SAMPLE_LABEL","MASS_SPEC_METHOD","SAMPLE_INJECTION_VOLUME_[uL]","MEASUREMENT_DATE","MEASUREMENT_DURATION_SEC","FILE_SIZE_MB"
589,1,"no bug_Duloxetine_0_1","X035570_S00001_rep1_neg.mzML","RA1",1,"polar","negative",100,"none","GMM medium without cells","no bug","Duloxetine","0",1,1,2,"sample",48,"uL","h","Duloxetine-0-no_bug","metabo_fiascan_first_neg",10,1561021377,89,16.4189891815186
267,2,"no bug_Duloxetine_0_2","X035570_S00002_rep1_neg.mzML","RA2",1,"polar","negative",100,"none","GMM medium without cells","no bug","Duloxetine","0",2,1,2,"sample",48,"uL","h","Duloxetine-0-no_bug","metabo_fiascan_first_neg",10,1560986651,89,16.4466495513916
562,3,"no bug_Duloxetine_0_3","X035570_S00003_rep1_neg.mzML","RA3",1,"polar","negative",100,"none","GMM medium without cells","no bug","Duloxetine","0",3,1,2,"sample",48,"uL","h","Duloxetine-0-no_bug","metabo_fiascan_first_neg",10,1561018484,89,16.45924949646
62,4,"no bug_Duloxetine_0_4","X035570_S00004_rep1_neg.mzML","RA4",1,"polar","negative",100,"none","GMM medium without cells","no bug","Duloxetine","0",4,1,2,"sample",48,"uL","h","Duloxetine-0-no_bug","metabo_fiascan_first_neg",10,1560964438,89,16.9140996932983
108,5,"no bug_Duloxetine_12.5_1","X035570_S00005_rep1_neg.mzML","RA5",1,"polar","negative",100,"none","GMM medium without cells","no bug","Duloxetine","12.5",1,1,2,"sample",48,"uL","h","Duloxetine-12.5-no_bug","metabo_fiascan_first_neg",10,1560969418,87,16.6314783096313
384,6,"no bug_Duloxetine_12.5_2","X035570_S00006_rep1_neg.mzML","RA6",1,"polar","negative",100,"none","GMM medium without cells","no bug","Duloxetine","12.5",2,1,2,"sample",48,"uL","h","Duloxetine-12.5-no_bug","metabo_fiascan_first_neg",10,1560999310,88,16.4190320968628
445,7,"no bug_Duloxetine_12.5_3","X035570_S00007_rep1_neg.mzML","RA7",1,"polar","negative",100,"none","GMM medium without cells","no bug","Duloxetine","12.5",3,1,2,"sample",48,"uL","h","Duloxetine-12.5-no_bug","metabo_fiascan_first_neg",10,1561005901,89,16.3028421401978
363,8,"no bug_Duloxetine_12.5_4","X035570_S00008_rep1_neg.mzML","RA8",1,"polar","negative",100,"none","GMM medium without cells","no bug","Duloxetine","12.5",4,1,2,"sample",48,"uL","h","Duloxetine-12.5-no_bug","metabo_fiascan_first_neg",10,1560997037,86,16.4347820281982
522,9,"no bug_Duloxetine_25_1","X035570_S00009_rep1_neg.mzML","RA9",1,"polar","negative",100,"none","GMM medium without cells","no bug","Duloxetine","25",1,1,2,"sample",48,"uL","h","Duloxetine-25-no_bug","metabo_fiascan_first_neg",10,1561014179,88,16.1368036270142
213,10,"no bug_Duloxetine_25_2","X035570_S00010_rep1_neg.mzML","RA10",1,"polar","negative",100,"none","GMM medium without cells","no bug","Duloxetine","25",2,1,2,"sample",48,"uL","h","Duloxetine-25-no_bug","metabo_fiascan_first_neg",10,1560980808,88,16.4814376831055
472,11,"no bug_Duloxetine_25_3","X035570_S00011_rep1_neg.mzML","RA11",1,"polar","negative",100,"none","GMM medium without cells","no bug","Duloxetine","25",3,1,2,"sample",48,"uL","h","Duloxetine-25-no_bug","metabo_fiascan_first_neg",10,1561008800,91,16.1867818832397
342,12,"no bug_Duloxetine_25_4","X035570_S00012_rep1_neg.mzML","RA12",1,"polar","negative",100,"none","GMM medium without cells","no bug","Duloxetine","25",4,1,2,"sample",48,"uL","h","Duloxetine-25-no_bug","metabo_fiascan_first_neg",10,1560994757,91,16.1625337600708
466,13,"no bug_Duloxetine_50_1","X035570_S00013_rep1_neg.mzML","RB1",1,"polar","negative",100,"none","GMM medium without cells","no bug","Duloxetine","50",1,1,2,"sample",48,"uL","h","Duloxetine-50-no_bug","metabo_fiascan_first_neg",10,1561008171,86,16.1368837356567
480,14,"no bug_Duloxetine_50_2","X035570_S00014_rep1_neg.mzML","RB2",1,"polar","negative",100,"none","GMM medium without cells","no bug","Duloxetine","50",2,1,2,"sample",48,"uL","h","Duloxetine-50-no_bug","metabo_fiascan_first_neg",10,1561009644,87,16.1286191940308
127,15,"no bug_Duloxetine_50_3","X035570_S00015_rep1_neg.mzML","RB3",1,"polar","negative",100,"none","GMM medium without cells","no bug","Duloxetine","50",3,1,2,"sample",48,"uL","h","Duloxetine-50-no_bug","metabo_fiascan_first_neg",10,1560971479,89,15.8504095077515
22,16,"no bug_Duloxetine_50_4","X035570_S00016_rep1_neg.mzML","RB4",1,"polar","negative",100,"none","GMM medium without cells","no bug","Duloxetine","50",4,1,2,"sample",48,"uL","h","Duloxetine-50-no_bug","metabo_fiascan_first_neg",10,1560960073,87,16.7299537658691
158,17,"no bug_Roflumilast_0_1","X035570_S00017_rep1_neg.mzML","RB5",1,"polar","negative",100,"none","GMM medium without cells","no bug","Roflumilast","0",1,1,2,"sample",48,"uL","h","Roflumilast-0-no_bug","metabo_fiascan_first_neg",10,1560974822,88,15.4553232192993
520,18,"no bug_Roflumilast_0_2","X035570_S00018_rep1_neg.mzML","RB6",1,"polar","negative",100,"none","GMM medium without cells","no bug","Roflumilast","0",2,1,2,"sample",48,"uL","h","Roflumilast-0-no_bug","metabo_fiascan_first_neg",10,1561013969,89,16.1363964080811
359,19,"no bug_Roflumilast_0_3","X035570_S00019_rep1_neg.mzML","RB7",1,"polar","negative",100,"none","GMM medium without cells","no bug","Roflumilast","0",3,1,2,"sample",48,"uL","h","Roflumilast-0-no_bug","metabo_fiascan_first_neg",10,1560996610,91,16.0411891937256
246,20,"no bug_Roflumilast_0_4","X035570_S00020_rep1_neg.mzML","RB8",1,"polar","negative",100,"none","GMM medium without cells","no bug","Roflumilast","0",4,1,2,"sample",48,"uL","h","Roflumilast-0-no_bug","metabo_fiascan_first_neg",10,1560984370,90,16.1933441162109
129,21,"no bug_Roflumilast_12.5_1","X035570_S00021_rep1_neg.mzML","RB9",1,"polar","negative",100,"none","GMM medium without cells","no bug","Roflumilast","12.5",1,1,2,"sample",48,"uL","h","Roflumilast-12.5-no_bug","metabo_fiascan_first_neg",10,1560971689,91,15.8340244293213
202,22,"no bug_Roflumilast_12.5_2","X035570_S00022_rep1_neg.mzML","RB10",1,"polar","negative",100,"none","GMM medium without cells","no bug","Roflumilast","12.5",2,1,2,"sample",48,"uL","h","Roflumilast-12.5-no_bug","metabo_fiascan_first_neg",10,1560979589,89,16.1747283935547
593,23,"no bug_Roflumilast_12.5_3","X035570_S00023_rep1_neg.mzML","RB11",1,"polar","negative",100,"none","GMM medium without cells","no bug","Roflumilast","12.5",3,1,2,"sample",48,"uL","h","Roflumilast-12.5-no_bug","metabo_fiascan_first_neg",10,1561021800,86,16.1280097961426
286,24,"no bug_Roflumilast_12.5_4","X035570_S00024_rep1_neg.mzML","RB12",1,"polar","negative",100,"none","GMM medium without cells","no bug","Roflumilast","12.5",4,1,2,"sample",48,"uL","h","Roflumilast-12.5-no_bug","metabo_fiascan_first_neg",10,1560988722,91,16.3307905197144
87,25,"no bug_Roflumilast_25_1","X035570_S00025_rep1_neg.mzML","RC1",1,"polar","negative",100,"none","GMM medium without cells","no bug","Roflumilast","25",1,1,2,"sample",48,"uL","h","Roflumilast-25-no_bug","metabo_fiascan_first_neg",10,1560967146,86,16.5818996429443
558,26,"no bug_Roflumilast_25_2","X035570_S00026_rep1_neg.mzML","RC2",1,"polar","negative",100,"none","GMM medium without cells","no bug","Roflumilast","25",2,1,2,"sample",48,"uL","h","Roflumilast-25-no_bug","metabo_fiascan_first_neg",10,1561018065,88,16.3677759170532
443,27,"no bug_Roflumilast_25_3","X035570_S00027_rep1_neg.mzML","RC3",1,"polar","negative",100,"none","GMM medium without cells","no bug","Roflumilast","25",3,1,2,"sample",48,"uL","h","Roflumilast-25-no_bug","metabo_fiascan_first_neg",10,1561005691,89,16.388111114502
294,28,"no bug_Roflumilast_25_4","X035570_S00028_rep1_neg.mzML","RC4",1,"polar","negative",100,"none","GMM medium without cells","no bug","Roflumilast","25",4,1,2,"sample",48,"uL","h","Roflumilast-25-no_bug","metabo_fiascan_first_neg",10,1560989567,91,16.4039325714111
330,29,"no bug_Roflumilast_50_1","X035570_S00029_rep1_neg.mzML","RC5",1,"polar","negative",100,"none","GMM medium without cells","no bug","Roflumilast","50",1,1,2,"sample",48,"uL","h","Roflumilast-50-no_bug","metabo_fiascan_first_neg",10,1560993493,88,16.2169399261475
56,30,"no bug_Roflumilast_50_2","X035570_S00030_rep1_neg.mzML","RC6",1,"polar","negative",100,"none","GMM medium without cells","no bug","Roflumilast","50",2,1,2,"sample",48,"uL","h","Roflumilast-50-no_bug","metabo_fiascan_first_neg",10,1560963804,86,17.3169469833374
296,31,"no bug_Roflumilast_50_3","X035570_S00031_rep1_neg.mzML","RC7",1,"polar","negative",100,"none","GMM medium without cells","no bug","Roflumilast","50",3,1,2,"sample",48,"uL","h","Roflumilast-50-no_bug","metabo_fiascan_first_neg",10,1560989781,90,16.4683418273926
386,32,"no bug_Roflumilast_50_4","X035570_S00032_rep1_neg.mzML","RC8",1,"polar","negative",100,"none","GMM medium without cells","no bug","Roflumilast","50",4,1,2,"sample",48,"uL","h","Roflumilast-50-no_bug","metabo_fiascan_first_neg",10,1560999519,89,16.3608779907227
403,33,"NT5037_Duloxetine_0_1","X035570_S00033_rep1_neg.mzML","RD1",1,"polar","negative",100,"Clostridium saccharolyticum","GMM with  species","NT5037","Duloxetine","0",1,1,2,"sample",48,"uL","h","Duloxetine-0-NT5037","metabo_fiascan_first_neg",10,1561001372,89,16.0808954238892
244,34,"NT5037_Duloxetine_0_2","X035570_S00034_rep1_neg.mzML","RD2",1,"polar","negative",100,"Clostridium saccharolyticum","GMM with  species","NT5037","Duloxetine","0",2,1,2,"sample",48,"uL","h","Duloxetine-0-NT5037","metabo_fiascan_first_neg",10,1560984159,90,16.3264083862305
401,35,"NT5037_Duloxetine_0_3","X035570_S00035_rep1_neg.mzML","RD3",1,"polar","negative",100,"Clostridium saccharolyticum","GMM with  species","NT5037","Duloxetine","0",3,1,2,"sample",48,"uL","h","Duloxetine-0-NT5037","metabo_fiascan_first_neg",10,1561001160,91,15.7878665924072
198,36,"NT5037_Duloxetine_0_4","X035570_S00036_rep1_neg.mzML","RD4",1,"polar","negative",100,"Clostridium saccharolyticum","GMM with  species","NT5037","Duloxetine","0",4,1,2,"sample",48,"uL","h","Duloxetine-0-NT5037","metabo_fiascan_first_neg",10,1560979170,89,16.2923440933228
482,37,"NT5037_Duloxetine_12.5_1","X035570_S00037_rep1_neg.mzML","RD5",1,"polar","negative",100,"Clostridium saccharolyticum","GMM with  species","NT5037","Duloxetine","12.5",1,1,2,"sample",48,"uL","h","Duloxetine-12.5-NT5037","metabo_fiascan_first_neg",10,1561009852,88,16.3051147460938
495,38,"NT5037_Duloxetine_12.5_2","X035570_S00038_rep1_neg.mzML","RD6",1,"polar","negative",100,"Clostridium saccharolyticum","GMM with  species","NT5037","Duloxetine","12.5",2,1,2,"sample",48,"uL","h","Duloxetine-12.5-NT5037","metabo_fiascan_first_neg",10,1561011277,91,16.5552740097046
424,39,"NT5037_Duloxetine_12.5_3","X035570_S00039_rep1_neg.mzML","RD7",1,"polar","negative",100,"Clostridium saccharolyticum","GMM with  species","NT5037","Duloxetine","12.5",3,1,2,"sample",48,"uL","h","Duloxetine-12.5-NT5037","metabo_fiascan_first_neg",10,1561003634,89,16.3377647399902
382,40,"NT5037_Duloxetine_12.5_4","X035570_S00040_rep1_neg.mzML","RD8",1,"polar","negative",100,"Clostridium saccharolyticum","GMM with  species","NT5037","Duloxetine","12.5",4,1,2,"sample",48,"uL","h","Duloxetine-12.5-NT5037","metabo_fiascan_first_neg",10,1560999099,89,16.5589609146118
211,41,"NT5037_Duloxetine_25_1","X035570_S00041_rep1_neg.mzML","RD9",1,"polar","negative",100,"Clostridium saccharolyticum","GMM with  species","NT5037","Duloxetine","25",1,1,2,"sample",48,"uL","h","Duloxetine-25-NT5037","metabo_fiascan_first_neg",10,1560980595,89,16.6377906799316
526,42,"NT5037_Duloxetine_25_2","X035570_S00042_rep1_neg.mzML","RD10",1,"polar","negative",100,"Clostridium saccharolyticum","GMM with  species","NT5037","Duloxetine","25",2,1,2,"sample",48,"uL","h","Duloxetine-25-NT5037","metabo_fiascan_first_neg",10,1561014600,89,16.2159061431885
79,43,"NT5037_Duloxetine_25_3","X035570_S00043_rep1_neg.mzML","RD11",1,"polar","negative",100,"Clostridium saccharolyticum","GMM with  species","NT5037","Duloxetine","25",3,1,2,"sample",48,"uL","h","Duloxetine-25-NT5037","metabo_fiascan_first_neg",10,1560966294,91,16.9862689971924
29,44,"NT5037_Duloxetine_25_4","X035570_S00044_rep1_neg.mzML","RD12",1,"polar","negative",100,"Clostridium saccharolyticum","GMM with  species","NT5037","Duloxetine","25",4,1,2,"sample",48,"uL","h","Duloxetine-25-NT5037","metabo_fiascan_first_neg",10,1560960888,86,17.0094051361084
493,45,"NT5037_Duloxetine_50_1","X035570_S00045_rep1_neg.mzML","RE1",1,"polar","negative",100,"Clostridium saccharolyticum","GMM with  species","NT5037","Duloxetine","50",1,1,2,"sample",48,"uL","h","Duloxetine-50-NT5037","metabo_fiascan_first_neg",10,1561011064,89,16.5956382751465
547,46,"NT5037_Duloxetine_50_2","X035570_S00046_rep1_neg.mzML","RE2",1,"polar","negative",100,"Clostridium saccharolyticum","GMM with  species","NT5037","Duloxetine","50",2,1,2,"sample",48,"uL","h","Duloxetine-50-NT5037","metabo_fiascan_first_neg",10,1561016856,89,16.3273258209229
505,47,"NT5037_Duloxetine_50_3","X035570_S00047_rep1_neg.mzML","RE3",1,"polar","negative",100,"Clostridium saccharolyticum","GMM with  species","NT5037","Duloxetine","50",3,1,2,"sample",48,"uL","h","Duloxetine-50-NT5037","metabo_fiascan_first_neg",10,1561012336,89,16.324951171875
459,48,"NT5037_Duloxetine_50_4","X035570_S00048_rep1_neg.mzML","RE4",1,"polar","negative",100,"Clostridium saccharolyticum","GMM with  species","NT5037","Duloxetine","50",4,1,2,"sample",48,"uL","h","Duloxetine-50-NT5037","metabo_fiascan_first_neg",10,1561007380,86,16.4241390228271
355,49,"NT5037_Roflumilast_0_1","X035570_S00049_rep1_neg.mzML","RE5",1,"polar","negative",100,"Clostridium saccharolyticum","GMM with  species","NT5037","Roflumilast","0",1,1,2,"sample",48,"uL","h","Roflumilast-0-NT5037","metabo_fiascan_first_neg",10,1560996190,89,16.051139831543
411,50,"NT5037_Roflumilast_0_2","X035570_S00050_rep1_neg.mzML","RE6",1,"polar","negative",100,"Clostridium saccharolyticum","GMM with  species","NT5037","Roflumilast","0",2,1,2,"sample",48,"uL","h","Roflumilast-0-NT5037","metabo_fiascan_first_neg",10,1561002214,88,16.105414390564
52,51,"NT5037_Roflumilast_0_3","X035570_S00051_rep1_neg.mzML","RE7",1,"polar","negative",100,"Clostridium saccharolyticum","GMM with  species","NT5037","Roflumilast","0",3,1,2,"sample",48,"uL","h","Roflumilast-0-NT5037","metabo_fiascan_first_neg",10,1560963376,91,17.2426490783691
12,52,"NT5037_Roflumilast_0_4","X035570_S00052_rep1_neg.mzML","RE8",1,"polar","negative",100,"Clostridium saccharolyticum","GMM with  species","NT5037","Roflumilast","0",4,1,2,"sample",48,"uL","h","Roflumilast-0-NT5037","metabo_fiascan_first_neg",10,1560959020,90,16.989951133728
261,53,"NT5037_Roflumilast_12.5_1","X035570_S00053_rep1_neg.mzML","RE9",1,"polar","negative",100,"Clostridium saccharolyticum","GMM with  species","NT5037","Roflumilast","12.5",1,1,2,"sample",48,"uL","h","Roflumilast-12.5-NT5037","metabo_fiascan_first_neg",10,1560986011,89,16.4038867950439
357,54,"NT5037_Roflumilast_12.5_2","X035570_S00054_rep1_neg.mzML","RE10",1,"polar","negative",100,"Clostridium saccharolyticum","GMM with  species","NT5037","Roflumilast","12.5",2,1,2,"sample",48,"uL","h","Roflumilast-12.5-NT5037","metabo_fiascan_first_neg",10,1560996400,88,15.9524002075195
407,55,"NT5037_Roflumilast_12.5_3","X035570_S00055_rep1_neg.mzML","RE11",1,"polar","negative",100,"Clostridium saccharolyticum","GMM with  species","NT5037","Roflumilast","12.5",3,1,2,"sample",48,"uL","h","Roflumilast-12.5-NT5037","metabo_fiascan_first_neg",10,1561001791,87,15.7891006469727
361,56,"NT5037_Roflumilast_12.5_4","X035570_S00056_rep1_neg.mzML","RE12",1,"polar","negative",100,"Clostridium saccharolyticum","GMM with  species","NT5037","Roflumilast","12.5",4,1,2,"sample",48,"uL","h","Roflumilast-12.5-NT5037","metabo_fiascan_first_neg",10,1560996825,89,15.8858318328857
236,57,"NT5037_Roflumilast_25_1","X035570_S00057_rep1_neg.mzML","RF1",1,"polar","negative",100,"Clostridium saccharolyticum","GMM with  species","NT5037","Roflumilast","25",1,1,2,"sample",48,"uL","h","Roflumilast-25-NT5037","metabo_fiascan_first_neg",10,1560983303,91,16.0411434173584
194,58,"NT5037_Roflumilast_25_2","X035570_S00058_rep1_neg.mzML","RF2",1,"polar","negative",100,"Clostridium saccharolyticum","GMM with  species","NT5037","Roflumilast","25",2,1,2,"sample",48,"uL","h","Roflumilast-25-NT5037","metabo_fiascan_first_neg",10,1560978747,90,16.318359375
144,59,"NT5037_Roflumilast_25_3","X035570_S00059_rep1_neg.mzML","RF3",1,"polar","negative",100,"Clostridium saccharolyticum","GMM with  species","NT5037","Roflumilast","25",3,1,2,"sample",48,"uL","h","Roflumilast-25-NT5037","metabo_fiascan_first_neg",10,1560973337,91,16.4717111587524
545,60,"NT5037_Roflumilast_25_4","X035570_S00060_rep1_neg.mzML","RF4",1,"polar","negative",100,"Clostridium saccharolyticum","GMM with  species","NT5037","Roflumilast","25",4,1,2,"sample",48,"uL","h","Roflumilast-25-NT5037","metabo_fiascan_first_neg",10,1561016647,88,16.1933479309082
351,61,"NT5037_Roflumilast_50_1","X035570_S00061_rep1_neg.mzML","RF5",1,"polar","negative",100,"Clostridium saccharolyticum","GMM with  species","NT5037","Roflumilast","50",1,1,2,"sample",48,"uL","h","Roflumilast-50-NT5037","metabo_fiascan_first_neg",10,1560995765,89,16.1135625839233
290,62,"NT5037_Roflumilast_50_2","X035570_S00062_rep1_neg.mzML","RF6",1,"polar","negative",100,"Clostridium saccharolyticum","GMM with  species","NT5037","Roflumilast","50",2,1,2,"sample",48,"uL","h","Roflumilast-50-NT5037","metabo_fiascan_first_neg",10,1560989147,84,16.1909532546997
171,63,"NT5037_Roflumilast_50_3","X035570_S00063_rep1_neg.mzML","RF7",1,"polar","negative",100,"Clostridium saccharolyticum","GMM with  species","NT5037","Roflumilast","50",3,1,2,"sample",48,"uL","h","Roflumilast-50-NT5037","metabo_fiascan_first_neg",10,1560976255,88,16.8031377792358
58,64,"NT5037_Roflumilast_50_4","X035570_S00064_rep1_neg.mzML","RF8",1,"polar","negative",100,"Clostridium saccharolyticum","GMM with  species","NT5037","Roflumilast","50",4,1,2,"sample",48,"uL","h","Roflumilast-50-NT5037","metabo_fiascan_first_neg",10,1560964016,89,17.1991004943848
131,65,"NT5078_Duloxetine_0_1","X035570_S00065_rep1_neg.mzML","RG1",1,"polar","negative",100,"Escherichia coli ED1a","GMM with  species","NT5078","Duloxetine","0",1,1,2,"sample",48,"uL","h","Duloxetine-0-NT5078","metabo_fiascan_first_neg",10,1560971903,89,15.8837699890137
148,66,"NT5078_Duloxetine_0_2","X035570_S00066_rep1_neg.mzML","RG2",1,"polar","negative",100,"Escherichia coli ED1a","GMM with  species","NT5078","Duloxetine","0",2,1,2,"sample",48,"uL","h","Duloxetine-0-NT5078","metabo_fiascan_first_neg",10,1560973762,91,16.4226741790771
225,67,"NT5078_Duloxetine_0_3","X035570_S00067_rep1_neg.mzML","RG3",1,"polar","negative",100,"Escherichia coli ED1a","GMM with  species","NT5078","Duloxetine","0",3,1,2,"sample",48,"uL","h","Duloxetine-0-NT5078","metabo_fiascan_first_neg",10,1560982088,88,16.0341367721558
349,68,"NT5078_Duloxetine_0_4","X035570_S00068_rep1_neg.mzML","RG4",1,"polar","negative",100,"Escherichia coli ED1a","GMM with  species","NT5078","Duloxetine","0",4,1,2,"sample",48,"uL","h","Duloxetine-0-NT5078","metabo_fiascan_first_neg",10,1560995555,89,16.3346652984619
282,69,"NT5078_Duloxetine_12.5_1","X035570_S00069_rep1_neg.mzML","RG5",1,"polar","negative",100,"Escherichia coli ED1a","GMM with  species","NT5078","Duloxetine","12.5",1,1,2,"sample",48,"uL","h","Duloxetine-12.5-NT5078","metabo_fiascan_first_neg",10,1560988297,89,16.1507596969604
4,70,"NT5078_Duloxetine_12.5_2","X035570_S00070_rep1_neg.mzML","RG6",1,"polar","negative",100,"Escherichia coli ED1a","GMM with  species","NT5078","Duloxetine","12.5",2,1,2,"sample",48,"uL","h","Duloxetine-12.5-NT5078","metabo_fiascan_first_neg",10,1560958181,88,16.2802629470825
451,71,"NT5078_Duloxetine_12.5_3","X035570_S00071_rep1_neg.mzML","RG7",1,"polar","negative",100,"Escherichia coli ED1a","GMM with  species","NT5078","Duloxetine","12.5",3,1,2,"sample",48,"uL","h","Duloxetine-12.5-NT5078","metabo_fiascan_first_neg",10,1561006538,89,15.9559192657471
179,72,"NT5078_Duloxetine_12.5_4","X035570_S00072_rep1_neg.mzML","RG8",1,"polar","negative",100,"Escherichia coli ED1a","GMM with  species","NT5078","Duloxetine","12.5",4,1,2,"sample",48,"uL","h","Duloxetine-12.5-NT5078","metabo_fiascan_first_neg",10,1560977101,87,16.1100625991821
455,73,"NT5078_Duloxetine_25_1","X035570_S00073_rep1_neg.mzML","RG9",1,"polar","negative",100,"Escherichia coli ED1a","GMM with  species","NT5078","Duloxetine","25",1,1,2,"sample",48,"uL","h","Duloxetine-25-NT5078","metabo_fiascan_first_neg",10,1561006957,89,16.0865535736084
248,74,"NT5078_Duloxetine_25_2","X035570_S00074_rep1_neg.mzML","RG10",1,"polar","negative",100,"Escherichia coli ED1a","GMM with  species","NT5078","Duloxetine","25",2,1,2,"sample",48,"uL","h","Duloxetine-25-NT5078","metabo_fiascan_first_neg",10,1560984581,88,16.1950273513794
223,75,"NT5078_Duloxetine_25_3","X035570_S00075_rep1_neg.mzML","RG11",1,"polar","negative",100,"Escherichia coli ED1a","GMM with  species","NT5078","Duloxetine","25",3,1,2,"sample",48,"uL","h","Duloxetine-25-NT5078","metabo_fiascan_first_neg",10,1560981872,90,16.3629331588745
378,76,"NT5078_Duloxetine_25_4","X035570_S00076_rep1_neg.mzML","RG12",1,"polar","negative",100,"Escherichia coli ED1a","GMM with  species","NT5078","Duloxetine","25",4,1,2,"sample",48,"uL","h","Duloxetine-25-NT5078","metabo_fiascan_first_neg",10,1560998672,86,16.1586389541626
405,77,"NT5078_Duloxetine_50_1","X035570_S00077_rep1_neg.mzML","RH1",1,"polar","negative",100,"Escherichia coli ED1a","GMM with  species","NT5078","Duloxetine","50",1,1,2,"sample",48,"uL","h","Duloxetine-50-NT5078","metabo_fiascan_first_neg",10,1561001582,88,16.473201751709
585,78,"NT5078_Duloxetine_50_2","X035570_S00078_rep1_neg.mzML","RH2",1,"polar","negative",100,"Escherichia coli ED1a","GMM with  species","NT5078","Duloxetine","50",2,1,2,"sample",48,"uL","h","Duloxetine-50-NT5078","metabo_fiascan_first_neg",10,1561020955,91,16.2959728240967
68,79,"NT5078_Duloxetine_50_3","X035570_S00079_rep1_neg.mzML","RH3",1,"polar","negative",100,"Escherichia coli ED1a","GMM with  species","NT5078","Duloxetine","50",3,1,2,"sample",48,"uL","h","Duloxetine-50-NT5078","metabo_fiascan_first_neg",10,1560965075,89,16.7575540542603
560,80,"NT5078_Duloxetine_50_4","X035570_S00080_rep1_neg.mzML","RH4",1,"polar","negative",100,"Escherichia coli ED1a","GMM with  species","NT5078","Duloxetine","50",4,1,2,"sample",48,"uL","h","Duloxetine-50-NT5078","metabo_fiascan_first_neg",10,1561018274,89,16.4760875701904
568,81,"NT5078_Roflumilast_0_1","X035570_S00081_rep1_neg.mzML","RH5",1,"polar","negative",100,"Escherichia coli ED1a","GMM with  species","NT5078","Roflumilast","0",1,1,2,"sample",48,"uL","h","Roflumilast-0-NT5078","metabo_fiascan_first_neg",10,1561019113,89,16.0035963058472
137,82,"NT5078_Roflumilast_0_2","X035570_S00082_rep1_neg.mzML","RH6",1,"polar","negative",100,"Escherichia coli ED1a","GMM with  species","NT5078","Roflumilast","0",2,1,2,"sample",48,"uL","h","Roflumilast-0-NT5078","metabo_fiascan_first_neg",10,1560972543,86,16.5945405960083
564,83,"NT5078_Roflumilast_0_3","X035570_S00083_rep1_neg.mzML","RH7",1,"polar","negative",100,"Escherichia coli ED1a","GMM with  species","NT5078","Roflumilast","0",3,1,2,"sample",48,"uL","h","Roflumilast-0-NT5078","metabo_fiascan_first_neg",10,1561018693,89,16.3312587738037
499,84,"NT5078_Roflumilast_0_4","X035570_S00084_rep1_neg.mzML","RH8",1,"polar","negative",100,"Escherichia coli ED1a","GMM with  species","NT5078","Roflumilast","0",4,1,2,"sample",48,"uL","h","Roflumilast-0-NT5078","metabo_fiascan_first_neg",10,1561011702,88,16.5374298095703
334,85,"NT5078_Roflumilast_12.5_1","X035570_S00085_rep1_neg.mzML","RH9",1,"polar","negative",100,"Escherichia coli ED1a","GMM with  species","NT5078","Roflumilast","12.5",1,1,2,"sample",48,"uL","h","Roflumilast-12.5-NT5078","metabo_fiascan_first_neg",10,1560993915,89,16.187518119812
570,86,"NT5078_Roflumilast_12.5_2","X035570_S00086_rep1_neg.mzML","RH10",1,"polar","negative",100,"Escherichia coli ED1a","GMM with  species","NT5078","Roflumilast","12.5",2,1,2,"sample",48,"uL","h","Roflumilast-12.5-NT5078","metabo_fiascan_first_neg",10,1561019323,89,16.1969680786133
539,87,"NT5078_Roflumilast_12.5_3","X035570_S00087_rep1_neg.mzML","RH11",1,"polar","negative",100,"Escherichia coli ED1a","GMM with  species","NT5078","Roflumilast","12.5",3,1,2,"sample",48,"uL","h","Roflumilast-12.5-NT5078","metabo_fiascan_first_neg",10,1561016017,86,16.2163162231445
512,88,"NT5078_Roflumilast_12.5_4","X035570_S00088_rep1_neg.mzML","RH12",1,"polar","negative",100,"Escherichia coli ED1a","GMM with  species","NT5078","Roflumilast","12.5",4,1,2,"sample",48,"uL","h","Roflumilast-12.5-NT5078","metabo_fiascan_first_neg",10,1561013127,89,16.4402618408203
173,89,"NT5078_Roflumilast_25_1","X035570_S00089_rep1_neg.mzML","GA1",2,"polar","negative",100,"Escherichia coli ED1a","GMM with  species","NT5078","Roflumilast","25",1,1,2,"sample",48,"uL","h","Roflumilast-25-NT5078","metabo_fiascan_first_neg",10,1560976469,84,16.4838428497314
64,90,"NT5078_Roflumilast_25_2","X035570_S00090_rep1_neg.mzML","GA2",2,"polar","negative",100,"Escherichia coli ED1a","GMM with  species","NT5078","Roflumilast","25",2,1,2,"sample",48,"uL","h","Roflumilast-25-NT5078","metabo_fiascan_first_neg",10,1560964648,89,16.9891948699951
60,91,"NT5078_Roflumilast_25_3","X035570_S00091_rep1_neg.mzML","GA3",2,"polar","negative",100,"Escherichia coli ED1a","GMM with  species","NT5078","Roflumilast","25",3,1,2,"sample",48,"uL","h","Roflumilast-25-NT5078","metabo_fiascan_first_neg",10,1560964228,87,17.3429021835327
43,92,"NT5078_Roflumilast_25_4","X035570_S00092_rep1_neg.mzML","GA4",2,"polar","negative",100,"Escherichia coli ED1a","GMM with  species","NT5078","Roflumilast","25",4,1,2,"sample",48,"uL","h","Roflumilast-25-NT5078","metabo_fiascan_first_neg",10,1560962375,89,16.6370677947998
154,93,"NT5078_Roflumilast_50_1","X035570_S00093_rep1_neg.mzML","GA5",2,"polar","negative",100,"Escherichia coli ED1a","GMM with  species","NT5078","Roflumilast","50",1,1,2,"sample",48,"uL","h","Roflumilast-50-NT5078","metabo_fiascan_first_neg",10,1560974397,91,16.9404344558716
572,94,"NT5078_Roflumilast_50_2","X035570_S00094_rep1_neg.mzML","GA6",2,"polar","negative",100,"Escherichia coli ED1a","GMM with  species","NT5078","Roflumilast","50",2,1,2,"sample",48,"uL","h","Roflumilast-50-NT5078","metabo_fiascan_first_neg",10,1561019535,86,16.2080430984497
33,95,"NT5078_Roflumilast_50_3","X035570_S00095_rep1_neg.mzML","GA7",2,"polar","negative",100,"Escherichia coli ED1a","GMM with  species","NT5078","Roflumilast","50",3,1,2,"sample",48,"uL","h","Roflumilast-50-NT5078","metabo_fiascan_first_neg",10,1560961311,93,17.1845569610596
344,96,"NT5078_Roflumilast_50_4","X035570_S00096_rep1_neg.mzML","GA8",2,"polar","negative",100,"Escherichia coli ED1a","GMM with  species","NT5078","Roflumilast","50",4,1,2,"sample",48,"uL","h","Roflumilast-50-NT5078","metabo_fiascan_first_neg",10,1560994971,87,16.5470151901245
6,97,"NT5077_Duloxetine_0_1","X035570_S00097_rep1_neg.mzML","GB1",2,"polar","negative",100,"Escherichia coli IAI1","GMM with  species","NT5077","Duloxetine","0",1,1,2,"sample",48,"uL","h","Duloxetine-0-NT5077","metabo_fiascan_first_neg",10,1560958392,86,15.9066257476807
229,98,"NT5077_Duloxetine_0_2","X035570_S00098_rep1_neg.mzML","GB2",2,"polar","negative",100,"Escherichia coli IAI1","GMM with  species","NT5077","Duloxetine","0",2,1,2,"sample",48,"uL","h","Duloxetine-0-NT5077","metabo_fiascan_first_neg",10,1560982512,90,15.7626419067383
242,99,"NT5077_Duloxetine_0_3","X035570_S00099_rep1_neg.mzML","GB3",2,"polar","negative",100,"Escherichia coli IAI1","GMM with  species","NT5077","Duloxetine","0",3,1,2,"sample",48,"uL","h","Duloxetine-0-NT5077","metabo_fiascan_first_neg",10,1560983944,90,15.9298076629639
474,100,"NT5077_Duloxetine_0_4","X035570_S00100_rep1_neg.mzML","GB4",2,"polar","negative",100,"Escherichia coli IAI1","GMM with  species","NT5077","Duloxetine","0",4,1,2,"sample",48,"uL","h","Duloxetine-0-NT5077","metabo_fiascan_first_neg",10,1561009012,87,15.9335603713989
119,101,"NT5077_Duloxetine_12.5_1","X035570_S00101_rep1_neg.mzML","GB5",2,"polar","negative",100,"Escherichia coli IAI1","GMM with  species","NT5077","Duloxetine","12.5",1,1,2,"sample",48,"uL","h","Duloxetine-12.5-NT5077","metabo_fiascan_first_neg",10,1560970632,89,16.0166053771973
110,102,"NT5077_Duloxetine_12.5_2","X035570_S00102_rep1_neg.mzML","GB6",2,"polar","negative",100,"Escherichia coli IAI1","GMM with  species","NT5077","Duloxetine","12.5",2,1,2,"sample",48,"uL","h","Duloxetine-12.5-NT5077","metabo_fiascan_first_neg",10,1560969631,86,16.2036418914795
288,103,"NT5077_Duloxetine_12.5_3","X035570_S00103_rep1_neg.mzML","GB7",2,"polar","negative",100,"Escherichia coli IAI1","GMM with  species","NT5077","Duloxetine","12.5",3,1,2,"sample",48,"uL","h","Duloxetine-12.5-NT5077","metabo_fiascan_first_neg",10,1560988935,88,16.1083946228027
269,104,"NT5077_Duloxetine_12.5_4","X035570_S00104_rep1_neg.mzML","GB8",2,"polar","negative",100,"Escherichia coli IAI1","GMM with  species","NT5077","Duloxetine","12.5",4,1,2,"sample",48,"uL","h","Duloxetine-12.5-NT5077","metabo_fiascan_first_neg",10,1560986863,89,16.1226186752319
234,105,"NT5077_Duloxetine_25_1","X035570_S00105_rep1_neg.mzML","GB9",2,"polar","negative",100,"Escherichia coli IAI1","GMM with  species","NT5077","Duloxetine","25",1,1,2,"sample",48,"uL","h","Duloxetine-25-NT5077","metabo_fiascan_first_neg",10,1560983091,88,16.2275123596191
133,106,"NT5077_Duloxetine_25_2","X035570_S00106_rep1_neg.mzML","GB10",2,"polar","negative",100,"Escherichia coli IAI1","GMM with  species","NT5077","Duloxetine","25",2,1,2,"sample",48,"uL","h","Duloxetine-25-NT5077","metabo_fiascan_first_neg",10,1560972118,90,15.4263572692871
487,107,"NT5077_Duloxetine_25_3","X035570_S00107_rep1_neg.mzML","GB11",2,"polar","negative",100,"Escherichia coli IAI1","GMM with  species","NT5077","Duloxetine","25",3,1,2,"sample",48,"uL","h","Duloxetine-25-NT5077","metabo_fiascan_first_neg",10,1561010432,89,16.2523784637451
215,108,"NT5077_Duloxetine_25_4","X035570_S00108_rep1_neg.mzML","GB12",2,"polar","negative",100,"Escherichia coli IAI1","GMM with  species","NT5077","Duloxetine","25",4,1,2,"sample",48,"uL","h","Duloxetine-25-NT5077","metabo_fiascan_first_neg",10,1560981020,86,16.3951320648193
574,109,"NT5077_Duloxetine_50_1","X035570_S00109_rep1_neg.mzML","GC1",2,"polar","negative",100,"Escherichia coli IAI1","GMM with  species","NT5077","Duloxetine","50",1,1,2,"sample",48,"uL","h","Duloxetine-50-NT5077","metabo_fiascan_first_neg",10,1561019745,89,16.160439491272
259,110,"NT5077_Duloxetine_50_2","X035570_S00110_rep1_neg.mzML","GC2",2,"polar","negative",100,"Escherichia coli IAI1","GMM with  species","NT5077","Duloxetine","50",2,1,2,"sample",48,"uL","h","Duloxetine-50-NT5077","metabo_fiascan_first_neg",10,1560985799,89,16.4450731277466
73,111,"NT5077_Duloxetine_50_3","X035570_S00111_rep1_neg.mzML","GC3",2,"polar","negative",100,"Escherichia coli IAI1","GMM with  species","NT5077","Duloxetine","50",3,1,2,"sample",48,"uL","h","Duloxetine-50-NT5077","metabo_fiascan_first_neg",10,1560965657,90,17.0870132446289
597,112,"NT5077_Duloxetine_50_4","X035570_S00112_rep1_neg.mzML","GC4",2,"polar","negative",100,"Escherichia coli IAI1","GMM with  species","NT5077","Duloxetine","50",4,1,2,"sample",48,"uL","h","Duloxetine-50-NT5077","metabo_fiascan_first_neg",10,1561022220,90,16.2869176864624
77,113,"NT5077_Roflumilast_0_1","X035570_S00113_rep1_neg.mzML","GC5",2,"polar","negative",100,"Escherichia coli IAI1","GMM with  species","NT5077","Roflumilast","0",1,1,2,"sample",48,"uL","h","Roflumilast-0-NT5077","metabo_fiascan_first_neg",10,1560966079,89,17.0503664016724
457,114,"NT5077_Roflumilast_0_2","X035570_S00114_rep1_neg.mzML","GC6",2,"polar","negative",100,"Escherichia coli IAI1","GMM with  species","NT5077","Roflumilast","0",2,1,2,"sample",48,"uL","h","Roflumilast-0-NT5077","metabo_fiascan_first_neg",10,1561007167,89,16.0212574005127
104,115,"NT5077_Roflumilast_0_3","X035570_S00115_rep1_neg.mzML","GC7",2,"polar","negative",100,"Escherichia coli IAI1","GMM with  species","NT5077","Roflumilast","0",3,1,2,"sample",48,"uL","h","Roflumilast-0-NT5077","metabo_fiascan_first_neg",10,1560968996,86,16.3444013595581
340,116,"NT5077_Roflumilast_0_4","X035570_S00116_rep1_neg.mzML","GC8",2,"polar","negative",100,"Escherichia coli IAI1","GMM with  species","NT5077","Roflumilast","0",4,1,2,"sample",48,"uL","h","Roflumilast-0-NT5077","metabo_fiascan_first_neg",10,1560994549,87,16.295126914978
390,117,"NT5077_Roflumilast_12.5_1","X035570_S00117_rep1_neg.mzML","GC9",2,"polar","negative",100,"Escherichia coli IAI1","GMM with  species","NT5077","Roflumilast","12.5",1,1,2,"sample",48,"uL","h","Roflumilast-12.5-NT5077","metabo_fiascan_first_neg",10,1560999945,88,16.3040781021118
311,118,"NT5077_Roflumilast_12.5_2","X035570_S00118_rep1_neg.mzML","GC10",2,"polar","negative",100,"Escherichia coli IAI1","GMM with  species","NT5077","Roflumilast","12.5",2,1,2,"sample",48,"uL","h","Roflumilast-12.5-NT5077","metabo_fiascan_first_neg",10,1560991428,88,16.5637092590332
478,119,"NT5077_Roflumilast_12.5_3","X035570_S00119_rep1_neg.mzML","GC11",2,"polar","negative",100,"Escherichia coli IAI1","GMM with  species","NT5077","Roflumilast","12.5",3,1,2,"sample",48,"uL","h","Roflumilast-12.5-NT5077","metabo_fiascan_first_neg",10,1561009432,89,16.1140203475952
441,120,"NT5077_Roflumilast_12.5_4","X035570_S00120_rep1_neg.mzML","GC12",2,"polar","negative",100,"Escherichia coli IAI1","GMM with  species","NT5077","Roflumilast","12.5",4,1,2,"sample",48,"uL","h","Roflumilast-12.5-NT5077","metabo_fiascan_first_neg",10,1561005479,86,16.2088975906372
102,121,"NT5077_Roflumilast_25_1","X035570_S00121_rep1_neg.mzML","GD1",2,"polar","negative",100,"Escherichia coli IAI1","GMM with  species","NT5077","Roflumilast","25",1,1,2,"sample",48,"uL","h","Roflumilast-25-NT5077","metabo_fiascan_first_neg",10,1560968787,88,16.0297708511353
37,122,"NT5077_Roflumilast_25_2","X035570_S00122_rep1_neg.mzML","GD2",2,"polar","negative",100,"Escherichia coli IAI1","GMM with  species","NT5077","Roflumilast","25",2,1,2,"sample",48,"uL","h","Roflumilast-25-NT5077","metabo_fiascan_first_neg",10,1560961738,91,17.0433044433594
556,123,"NT5077_Roflumilast_25_3","X035570_S00123_rep1_neg.mzML","GD3",2,"polar","negative",100,"Escherichia coli IAI1","GMM with  species","NT5077","Roflumilast","25",3,1,2,"sample",48,"uL","h","Roflumilast-25-NT5077","metabo_fiascan_first_neg",10,1561017854,89,16.3700313568115
200,124,"NT5077_Roflumilast_25_4","X035570_S00124_rep1_neg.mzML","GD4",2,"polar","negative",100,"Escherichia coli IAI1","GMM with  species","NT5077","Roflumilast","25",4,1,2,"sample",48,"uL","h","Roflumilast-25-NT5077","metabo_fiascan_first_neg",10,1560979380,89,16.5468320846558
397,125,"NT5077_Roflumilast_50_1","X035570_S00125_rep1_neg.mzML","GD5",2,"polar","negative",100,"Escherichia coli IAI1","GMM with  species","NT5077","Roflumilast","50",1,1,2,"sample",48,"uL","h","Roflumilast-50-NT5077","metabo_fiascan_first_neg",10,1561000738,86,16.1760206222534
365,126,"NT5077_Roflumilast_50_2","X035570_S00126_rep1_neg.mzML","GD6",2,"polar","negative",100,"Escherichia coli IAI1","GMM with  species","NT5077","Roflumilast","50",2,1,2,"sample",48,"uL","h","Roflumilast-50-NT5077","metabo_fiascan_first_neg",10,1560997247,86,16.3091173171997
326,127,"NT5077_Roflumilast_50_3","X035570_S00127_rep1_neg.mzML","GD7",2,"polar","negative",100,"Escherichia coli IAI1","GMM with  species","NT5077","Roflumilast","50",3,1,2,"sample",48,"uL","h","Roflumilast-50-NT5077","metabo_fiascan_first_neg",10,1560993068,89,16.2628297805786
150,128,"NT5077_Roflumilast_50_4","X035570_S00128_rep1_neg.mzML","GD8",2,"polar","negative",100,"Escherichia coli IAI1","GMM with  species","NT5077","Roflumilast","50",4,1,2,"sample",48,"uL","h","Roflumilast-50-NT5077","metabo_fiascan_first_neg",10,1560973977,86,16.4828691482544
549,129,"L.plantarumWCFS1_Duloxetine_0_1","X035570_S00129_rep1_neg.mzML","GE1",2,"polar","negative",100,"Lactobacillus plantarum WCFS1","GMM with  species","L.plantarumWCFS1","Duloxetine","0",1,1,2,"sample",48,"uL","h","Duloxetine-0-L.plantarumWCFS1","metabo_fiascan_first_neg",10,1561017067,86,15.9875011444092
219,130,"L.plantarumWCFS1_Duloxetine_0_2","X035570_S00130_rep1_neg.mzML","GE2",2,"polar","negative",100,"Lactobacillus plantarum WCFS1","GMM with  species","L.plantarumWCFS1","Duloxetine","0",2,1,2,"sample",48,"uL","h","Duloxetine-0-L.plantarumWCFS1","metabo_fiascan_first_neg",10,1560981445,91,16.0809469223022
470,131,"L.plantarumWCFS1_Duloxetine_0_3","X035570_S00131_rep1_neg.mzML","GE3",2,"polar","negative",100,"Lactobacillus plantarum WCFS1","GMM with  species","L.plantarumWCFS1","Duloxetine","0",3,1,2,"sample",48,"uL","h","Duloxetine-0-L.plantarumWCFS1","metabo_fiascan_first_neg",10,1561008588,90,15.7523775100708
221,132,"L.plantarumWCFS1_Duloxetine_0_4","X035570_S00132_rep1_neg.mzML","GE4",2,"polar","negative",100,"Lactobacillus plantarum WCFS1","GMM with  species","L.plantarumWCFS1","Duloxetine","0",4,1,2,"sample",48,"uL","h","Duloxetine-0-L.plantarumWCFS1","metabo_fiascan_first_neg",10,1560981658,90,16.3833599090576
541,133,"L.plantarumWCFS1_Duloxetine_12.5_1","X035570_S00133_rep1_neg.mzML","GE5",2,"polar","negative",100,"Lactobacillus plantarum WCFS1","GMM with  species","L.plantarumWCFS1","Duloxetine","12.5",1,1,2,"sample",48,"uL","h","Duloxetine-12.5-L.plantarumWCFS1","metabo_fiascan_first_neg",10,1561016225,89,16.0214776992798
135,134,"L.plantarumWCFS1_Duloxetine_12.5_2","X035570_S00134_rep1_neg.mzML","GE6",2,"polar","negative",100,"Lactobacillus plantarum WCFS1","GMM with  species","L.plantarumWCFS1","Duloxetine","12.5",2,1,2,"sample",48,"uL","h","Duloxetine-12.5-L.plantarumWCFS1","metabo_fiascan_first_neg",10,1560972331,89,16.197657585144
321,135,"L.plantarumWCFS1_Duloxetine_12.5_3","X035570_S00135_rep1_neg.mzML","GE7",2,"polar","negative",100,"Lactobacillus plantarum WCFS1","GMM with  species","L.plantarumWCFS1","Duloxetine","12.5",3,1,2,"sample",48,"uL","h","Duloxetine-12.5-L.plantarumWCFS1","metabo_fiascan_first_neg",10,1560992487,91,16.0438451766968
453,136,"L.plantarumWCFS1_Duloxetine_12.5_4","X035570_S00136_rep1_neg.mzML","GE8",2,"polar","negative",100,"Lactobacillus plantarum WCFS1","GMM with  species","L.plantarumWCFS1","Duloxetine","12.5",4,1,2,"sample",48,"uL","h","Duloxetine-12.5-L.plantarumWCFS1","metabo_fiascan_first_neg",10,1561006748,88,15.8182525634766
418,137,"L.plantarumWCFS1_Duloxetine_25_1","X035570_S00137_rep1_neg.mzML","GE9",2,"polar","negative",100,"Lactobacillus plantarum WCFS1","GMM with  species","L.plantarumWCFS1","Duloxetine","25",1,1,2,"sample",48,"uL","h","Duloxetine-25-L.plantarumWCFS1","metabo_fiascan_first_neg",10,1561003002,89,15.9871072769165
75,138,"L.plantarumWCFS1_Duloxetine_25_2","X035570_S00138_rep1_neg.mzML","GE10",2,"polar","negative",100,"Lactobacillus plantarum WCFS1","GMM with  species","L.plantarumWCFS1","Duloxetine","25",2,1,2,"sample",48,"uL","h","Duloxetine-25-L.plantarumWCFS1","metabo_fiascan_first_neg",10,1560965868,87,16.9307041168213
280,139,"L.plantarumWCFS1_Duloxetine_25_3","X035570_S00139_rep1_neg.mzML","GE11",2,"polar","negative",100,"Lactobacillus plantarum WCFS1","GMM with  species","L.plantarumWCFS1","Duloxetine","25",3,1,2,"sample",48,"uL","h","Duloxetine-25-L.plantarumWCFS1","metabo_fiascan_first_neg",10,1560988082,89,16.2763843536377
292,140,"L.plantarumWCFS1_Duloxetine_25_4","X035570_S00140_rep1_neg.mzML","GE12",2,"polar","negative",100,"Lactobacillus plantarum WCFS1","GMM with  species","L.plantarumWCFS1","Duloxetine","25",4,1,2,"sample",48,"uL","h","Duloxetine-25-L.plantarumWCFS1","metabo_fiascan_first_neg",10,1560989357,88,16.1608781814575
250,141,"L.plantarumWCFS1_Duloxetine_50_1","X035570_S00141_rep1_neg.mzML","GF1",2,"polar","negative",100,"Lactobacillus plantarum WCFS1","GMM with  species","L.plantarumWCFS1","Duloxetine","50",1,1,2,"sample",48,"uL","h","Duloxetine-50-L.plantarumWCFS1","metabo_fiascan_first_neg",10,1560984791,91,15.9226112365723
98,142,"L.plantarumWCFS1_Duloxetine_50_2","X035570_S00142_rep1_neg.mzML","GF2",2,"polar","negative",100,"Lactobacillus plantarum WCFS1","GMM with  species","L.plantarumWCFS1","Duloxetine","50",2,1,2,"sample",48,"uL","h","Duloxetine-50-L.plantarumWCFS1","metabo_fiascan_first_neg",10,1560968362,89,16.0385236740112
428,143,"L.plantarumWCFS1_Duloxetine_50_3","X035570_S00143_rep1_neg.mzML","GF3",2,"polar","negative",100,"Lactobacillus plantarum WCFS1","GMM with  species","L.plantarumWCFS1","Duloxetine","50",3,1,2,"sample",48,"uL","h","Duloxetine-50-L.plantarumWCFS1","metabo_fiascan_first_neg",10,1561004059,85,15.9034843444824
510,144,"L.plantarumWCFS1_Duloxetine_50_4","X035570_S00144_rep1_neg.mzML","GF4",2,"polar","negative",100,"Lactobacillus plantarum WCFS1","GMM with  species","L.plantarumWCFS1","Duloxetine","50",4,1,2,"sample",48,"uL","h","Duloxetine-50-L.plantarumWCFS1","metabo_fiascan_first_neg",10,1561012915,88,16.4014663696289
524,145,"L.plantarumWCFS1_Roflumilast_0_1","X035570_S00145_rep1_neg.mzML","GF5",2,"polar","negative",100,"Lactobacillus plantarum WCFS1","GMM with  species","L.plantarumWCFS1","Roflumilast","0",1,1,2,"sample",48,"uL","h","Roflumilast-0-L.plantarumWCFS1","metabo_fiascan_first_neg",10,1561014388,86,15.7872610092163
367,146,"L.plantarumWCFS1_Roflumilast_0_2","X035570_S00146_rep1_neg.mzML","GF6",2,"polar","negative",100,"Lactobacillus plantarum WCFS1","GMM with  species","L.plantarumWCFS1","Roflumilast","0",2,1,2,"sample",48,"uL","h","Roflumilast-0-L.plantarumWCFS1","metabo_fiascan_first_neg",10,1560997456,89,15.766827583313
114,147,"L.plantarumWCFS1_Roflumilast_0_3","X035570_S00147_rep1_neg.mzML","GF7",2,"polar","negative",100,"Lactobacillus plantarum WCFS1","GMM with  species","L.plantarumWCFS1","Roflumilast","0",3,1,2,"sample",48,"uL","h","Roflumilast-0-L.plantarumWCFS1","metabo_fiascan_first_neg",10,1560970054,88,15.6815996170044
8,148,"L.plantarumWCFS1_Roflumilast_0_4","X035570_S00148_rep1_neg.mzML","GF8",2,"polar","negative",100,"Lactobacillus plantarum WCFS1","GMM with  species","L.plantarumWCFS1","Roflumilast","0",4,1,2,"sample",48,"uL","h","Roflumilast-0-L.plantarumWCFS1","metabo_fiascan_first_neg",10,1560958600,86,15.6746578216553
434,149,"L.plantarumWCFS1_Roflumilast_12.5_1","X035570_S00149_rep1_neg.mzML","GF9",2,"polar","negative",100,"Lactobacillus plantarum WCFS1","GMM with  species","L.plantarumWCFS1","Roflumilast","12.5",1,1,2,"sample",48,"uL","h","Roflumilast-12.5-L.plantarumWCFS1","metabo_fiascan_first_neg",10,1561004691,85,15.9742479324341
273,150,"L.plantarumWCFS1_Roflumilast_12.5_2","X035570_S00150_rep1_neg.mzML","GF10",2,"polar","negative",100,"Lactobacillus plantarum WCFS1","GMM with  species","L.plantarumWCFS1","Roflumilast","12.5",2,1,2,"sample",48,"uL","h","Roflumilast-12.5-L.plantarumWCFS1","metabo_fiascan_first_neg",10,1560987289,88,15.9583415985107
83,151,"L.plantarumWCFS1_Roflumilast_12.5_3","X035570_S00151_rep1_neg.mzML","GF11",2,"polar","negative",100,"Lactobacillus plantarum WCFS1","GMM with  species","L.plantarumWCFS1","Roflumilast","12.5",3,1,2,"sample",48,"uL","h","Roflumilast-12.5-L.plantarumWCFS1","metabo_fiascan_first_neg",10,1560966721,86,16.1435079574585
476,152,"L.plantarumWCFS1_Roflumilast_12.5_4","X035570_S00152_rep1_neg.mzML","GF12",2,"polar","negative",100,"Lactobacillus plantarum WCFS1","GMM with  species","L.plantarumWCFS1","Roflumilast","12.5",4,1,2,"sample",48,"uL","h","Roflumilast-12.5-L.plantarumWCFS1","metabo_fiascan_first_neg",10,1561009222,89,15.7357873916626
413,153,"L.plantarumWCFS1_Roflumilast_25_1","X035570_S00153_rep1_neg.mzML","GG1",2,"polar","negative",100,"Lactobacillus plantarum WCFS1","GMM with  species","L.plantarumWCFS1","Roflumilast","25",1,1,2,"sample",48,"uL","h","Roflumilast-25-L.plantarumWCFS1","metabo_fiascan_first_neg",10,1561002423,87,15.8507976531982
338,154,"L.plantarumWCFS1_Roflumilast_25_2","X035570_S00154_rep1_neg.mzML","GG2",2,"polar","negative",100,"Lactobacillus plantarum WCFS1","GMM with  species","L.plantarumWCFS1","Roflumilast","25",2,1,2,"sample",48,"uL","h","Roflumilast-25-L.plantarumWCFS1","metabo_fiascan_first_neg",10,1560994334,89,16.029881477356
518,155,"L.plantarumWCFS1_Roflumilast_25_3","X035570_S00155_rep1_neg.mzML","GG3",2,"polar","negative",100,"Lactobacillus plantarum WCFS1","GMM with  species","L.plantarumWCFS1","Roflumilast","25",3,1,2,"sample",48,"uL","h","Roflumilast-25-L.plantarumWCFS1","metabo_fiascan_first_neg",10,1561013759,89,15.771933555603
54,156,"L.plantarumWCFS1_Roflumilast_25_4","X035570_S00156_rep1_neg.mzML","GG4",2,"polar","negative",100,"Lactobacillus plantarum WCFS1","GMM with  species","L.plantarumWCFS1","Roflumilast","25",4,1,2,"sample",48,"uL","h","Roflumilast-25-L.plantarumWCFS1","metabo_fiascan_first_neg",10,1560963589,91,16.9289083480835
583,157,"L.plantarumWCFS1_Roflumilast_50_1","X035570_S00157_rep1_neg.mzML","GG5",2,"polar","negative",100,"Lactobacillus plantarum WCFS1","GMM with  species","L.plantarumWCFS1","Roflumilast","50",1,1,2,"sample",48,"uL","h","Roflumilast-50-L.plantarumWCFS1","metabo_fiascan_first_neg",10,1561020743,89,15.7349624633789
503,158,"L.plantarumWCFS1_Roflumilast_50_2","X035570_S00158_rep1_neg.mzML","GG6",2,"polar","negative",100,"Lactobacillus plantarum WCFS1","GMM with  species","L.plantarumWCFS1","Roflumilast","50",2,1,2,"sample",48,"uL","h","Roflumilast-50-L.plantarumWCFS1","metabo_fiascan_first_neg",10,1561012124,88,16.2152376174927
20,159,"L.plantarumWCFS1_Roflumilast_50_3","X035570_S00159_rep1_neg.mzML","GG7",2,"polar","negative",100,"Lactobacillus plantarum WCFS1","GMM with  species","L.plantarumWCFS1","Roflumilast","50",3,1,2,"sample",48,"uL","h","Roflumilast-50-L.plantarumWCFS1","metabo_fiascan_first_neg",10,1560959863,86,16.9457168579102
177,160,"L.plantarumWCFS1_Roflumilast_50_4","X035570_S00160_rep1_neg.mzML","GG8",2,"polar","negative",100,"Lactobacillus plantarum WCFS1","GMM with  species","L.plantarumWCFS1","Roflumilast","50",4,1,2,"sample",48,"uL","h","Roflumilast-50-L.plantarumWCFS1","metabo_fiascan_first_neg",10,1560976887,91,16.2573308944702
89,161,"L.lactisIL1403_Duloxetine_0_1","X035570_S00161_rep1_neg.mzML","GH1",2,"polar","negative",100,"Lactococcus lactis IL1403","GMM with  species","L.lactisIL1403","Duloxetine","0",1,1,2,"sample",48,"uL","h","Duloxetine-0-L.lactisIL1403","metabo_fiascan_first_neg",10,1560967356,91,15.7852849960327
332,162,"L.lactisIL1403_Duloxetine_0_2","X035570_S00162_rep1_neg.mzML","GH2",2,"polar","negative",100,"Lactococcus lactis IL1403","GMM with  species","L.lactisIL1403","Duloxetine","0",2,1,2,"sample",48,"uL","h","Duloxetine-0-L.lactisIL1403","metabo_fiascan_first_neg",10,1560993705,86,15.2954778671265
284,163,"L.lactisIL1403_Duloxetine_0_3","X035570_S00163_rep1_neg.mzML","GH3",2,"polar","negative",100,"Lactococcus lactis IL1403","GMM with  species","L.lactisIL1403","Duloxetine","0",3,1,2,"sample",48,"uL","h","Duloxetine-0-L.lactisIL1403","metabo_fiascan_first_neg",10,1560988509,92,15.1442766189575
303,164,"L.lactisIL1403_Duloxetine_0_4","X035570_S00164_rep1_neg.mzML","GH4",2,"polar","negative",100,"Lactococcus lactis IL1403","GMM with  species","L.lactisIL1403","Duloxetine","0",4,1,2,"sample",48,"uL","h","Duloxetine-0-L.lactisIL1403","metabo_fiascan_first_neg",10,1560990575,91,15.4094953536987
227,165,"L.lactisIL1403_Duloxetine_12.5_1","X035570_S00165_rep1_neg.mzML","GH5",2,"polar","negative",100,"Lactococcus lactis IL1403","GMM with  species","L.lactisIL1403","Duloxetine","12.5",1,1,2,"sample",48,"uL","h","Duloxetine-12.5-L.lactisIL1403","metabo_fiascan_first_neg",10,1560982298,90,15.4221668243408
175,166,"L.lactisIL1403_Duloxetine_12.5_2","X035570_S00166_rep1_neg.mzML","GH6",2,"polar","negative",100,"Lactococcus lactis IL1403","GMM with  species","L.lactisIL1403","Duloxetine","12.5",2,1,2,"sample",48,"uL","h","Duloxetine-12.5-L.lactisIL1403","metabo_fiascan_first_neg",10,1560976677,89,15.823600769043
257,167,"L.lactisIL1403_Duloxetine_12.5_3","X035570_S00167_rep1_neg.mzML","GH7",2,"polar","negative",100,"Lactococcus lactis IL1403","GMM with  species","L.lactisIL1403","Duloxetine","12.5",3,1,2,"sample",48,"uL","h","Duloxetine-12.5-L.lactisIL1403","metabo_fiascan_first_neg",10,1560985584,89,15.8500900268555
18,168,"L.lactisIL1403_Duloxetine_12.5_4","X035570_S00168_rep1_neg.mzML","GH8",2,"polar","negative",100,"Lactococcus lactis IL1403","GMM with  species","L.lactisIL1403","Duloxetine","12.5",4,1,2,"sample",48,"uL","h","Duloxetine-12.5-L.lactisIL1403","metabo_fiascan_first_neg",10,1560959652,90,16.1529207229614
305,169,"L.lactisIL1403_Duloxetine_25_1","X035570_S00169_rep1_neg.mzML","GH9",2,"polar","negative",100,"Lactococcus lactis IL1403","GMM with  species","L.lactisIL1403","Duloxetine","25",1,1,2,"sample",48,"uL","h","Duloxetine-25-L.lactisIL1403","metabo_fiascan_first_neg",10,1560990788,90,15.3612298965454
106,170,"L.lactisIL1403_Duloxetine_25_2","X035570_S00170_rep1_neg.mzML","GH10",2,"polar","negative",100,"Lactococcus lactis IL1403","GMM with  species","L.lactisIL1403","Duloxetine","25",2,1,2,"sample",48,"uL","h","Duloxetine-25-L.lactisIL1403","metabo_fiascan_first_neg",10,1560969206,89,15.7820329666138
31,171,"L.lactisIL1403_Duloxetine_25_3","X035570_S00171_rep1_neg.mzML","GH11",2,"polar","negative",100,"Lactococcus lactis IL1403","GMM with  species","L.lactisIL1403","Duloxetine","25",3,1,2,"sample",48,"uL","h","Duloxetine-25-L.lactisIL1403","metabo_fiascan_first_neg",10,1560961098,89,16.4760513305664
238,172,"L.lactisIL1403_Duloxetine_25_4","X035570_S00172_rep1_neg.mzML","GH12",2,"polar","negative",100,"Lactococcus lactis IL1403","GMM with  species","L.lactisIL1403","Duloxetine","25",4,1,2,"sample",48,"uL","h","Duloxetine-25-L.lactisIL1403","metabo_fiascan_first_neg",10,1560983518,86,15.4167509078979
265,173,"L.lactisIL1403_Duloxetine_50_1","X035570_S00173_rep1_neg.mzML","BA1",3,"polar","negative",100,"Lactococcus lactis IL1403","GMM with  species","L.lactisIL1403","Duloxetine","50",1,1,2,"sample",48,"uL","h","Duloxetine-50-L.lactisIL1403","metabo_fiascan_first_neg",10,1560986439,89,15.491753578186
183,174,"L.lactisIL1403_Duloxetine_50_2","X035570_S00174_rep1_neg.mzML","BA2",3,"polar","negative",100,"Lactococcus lactis IL1403","GMM with  species","L.lactisIL1403","Duloxetine","50",2,1,2,"sample",48,"uL","h","Duloxetine-50-L.lactisIL1403","metabo_fiascan_first_neg",10,1560977527,88,15.5273628234863
353,175,"L.lactisIL1403_Duloxetine_50_3","X035570_S00175_rep1_neg.mzML","BA3",3,"polar","negative",100,"Lactococcus lactis IL1403","GMM with  species","L.lactisIL1403","Duloxetine","50",3,1,2,"sample",48,"uL","h","Duloxetine-50-L.lactisIL1403","metabo_fiascan_first_neg",10,1560995978,89,15.5797939300537
39,176,"L.lactisIL1403_Duloxetine_50_4","X035570_S00176_rep1_neg.mzML","BA4",3,"polar","negative",100,"Lactococcus lactis IL1403","GMM with  species","L.lactisIL1403","Duloxetine","50",4,1,2,"sample",48,"uL","h","Duloxetine-50-L.lactisIL1403","metabo_fiascan_first_neg",10,1560961951,86,15.8759937286377
537,177,"L.lactisIL1403_Roflumilast_0_1","X035570_S00177_rep1_neg.mzML","BA5",3,"polar","negative",100,"Lactococcus lactis IL1403","GMM with  species","L.lactisIL1403","Roflumilast","0",1,1,2,"sample",48,"uL","h","Roflumilast-0-L.lactisIL1403","metabo_fiascan_first_neg",10,1561015810,86,14.850380897522
85,178,"L.lactisIL1403_Roflumilast_0_2","X035570_S00178_rep1_neg.mzML","BA6",3,"polar","negative",100,"Lactococcus lactis IL1403","GMM with  species","L.lactisIL1403","Roflumilast","0",2,1,2,"sample",48,"uL","h","Roflumilast-0-L.lactisIL1403","metabo_fiascan_first_neg",10,1560966934,88,15.5282573699951
489,179,"L.lactisIL1403_Roflumilast_0_3","X035570_S00179_rep1_neg.mzML","BA7",3,"polar","negative",100,"Lactococcus lactis IL1403","GMM with  species","L.lactisIL1403","Roflumilast","0",3,1,2,"sample",48,"uL","h","Roflumilast-0-L.lactisIL1403","metabo_fiascan_first_neg",10,1561010644,87,15.3106155395508
121,180,"L.lactisIL1403_Roflumilast_0_4","X035570_S00180_rep1_neg.mzML","BA8",3,"polar","negative",100,"Lactococcus lactis IL1403","GMM with  species","L.lactisIL1403","Roflumilast","0",4,1,2,"sample",48,"uL","h","Roflumilast-0-L.lactisIL1403","metabo_fiascan_first_neg",10,1560970844,89,15.1748199462891
96,181,"L.lactisIL1403_Roflumilast_12.5_1","X035570_S00181_rep1_neg.mzML","BA9",3,"polar","negative",100,"Lactococcus lactis IL1403","GMM with  species","L.lactisIL1403","Roflumilast","12.5",1,1,2,"sample",48,"uL","h","Roflumilast-12.5-L.lactisIL1403","metabo_fiascan_first_neg",10,1560968152,88,15.7877674102783
579,182,"L.lactisIL1403_Roflumilast_12.5_2","X035570_S00182_rep1_neg.mzML","BA10",3,"polar","negative",100,"Lactococcus lactis IL1403","GMM with  species","L.lactisIL1403","Roflumilast","12.5",2,1,2,"sample",48,"uL","h","Roflumilast-12.5-L.lactisIL1403","metabo_fiascan_first_neg",10,1561020326,88,15.3578090667725
142,183,"L.lactisIL1403_Roflumilast_12.5_3","X035570_S00183_rep1_neg.mzML","BA11",3,"polar","negative",100,"Lactococcus lactis IL1403","GMM with  species","L.lactisIL1403","Roflumilast","12.5",3,1,2,"sample",48,"uL","h","Roflumilast-12.5-L.lactisIL1403","metabo_fiascan_first_neg",10,1560973122,91,15.4746932983398
449,184,"L.lactisIL1403_Roflumilast_12.5_4","X035570_S00184_rep1_neg.mzML","BA12",3,"polar","negative",100,"Lactococcus lactis IL1403","GMM with  species","L.lactisIL1403","Roflumilast","12.5",4,1,2,"sample",48,"uL","h","Roflumilast-12.5-L.lactisIL1403","metabo_fiascan_first_neg",10,1561006325,87,15.3684606552124
313,185,"L.lactisIL1403_Roflumilast_25_1","X035570_S00185_rep1_neg.mzML","BB1",3,"polar","negative",100,"Lactococcus lactis IL1403","GMM with  species","L.lactisIL1403","Roflumilast","25",1,1,2,"sample",48,"uL","h","Roflumilast-25-L.lactisIL1403","metabo_fiascan_first_neg",10,1560991640,89,15.5057878494263
374,186,"L.lactisIL1403_Roflumilast_25_2","X035570_S00186_rep1_neg.mzML","BB2",3,"polar","negative",100,"Lactococcus lactis IL1403","GMM with  species","L.lactisIL1403","Roflumilast","25",2,1,2,"sample",48,"uL","h","Roflumilast-25-L.lactisIL1403","metabo_fiascan_first_neg",10,1560998248,90,14.9244346618652
81,187,"L.lactisIL1403_Roflumilast_25_3","X035570_S00187_rep1_neg.mzML","BB3",3,"polar","negative",100,"Lactococcus lactis IL1403","GMM with  species","L.lactisIL1403","Roflumilast","25",3,1,2,"sample",48,"uL","h","Roflumilast-25-L.lactisIL1403","metabo_fiascan_first_neg",10,1560966509,89,15.8667650222778
45,188,"L.lactisIL1403_Roflumilast_25_4","X035570_S00188_rep1_neg.mzML","BB4",3,"polar","negative",100,"Lactococcus lactis IL1403","GMM with  species","L.lactisIL1403","Roflumilast","25",4,1,2,"sample",48,"uL","h","Roflumilast-25-L.lactisIL1403","metabo_fiascan_first_neg",10,1560962585,89,16.0597734451294
395,189,"L.lactisIL1403_Roflumilast_50_1","X035570_S00189_rep1_neg.mzML","BB5",3,"polar","negative",100,"Lactococcus lactis IL1403","GMM with  species","L.lactisIL1403","Roflumilast","50",1,1,2,"sample",48,"uL","h","Roflumilast-50-L.lactisIL1403","metabo_fiascan_first_neg",10,1561000527,87,15.3581247329712
35,190,"L.lactisIL1403_Roflumilast_50_2","X035570_S00190_rep1_neg.mzML","BB6",3,"polar","negative",100,"Lactococcus lactis IL1403","GMM with  species","L.lactisIL1403","Roflumilast","50",2,1,2,"sample",48,"uL","h","Roflumilast-50-L.lactisIL1403","metabo_fiascan_first_neg",10,1560961526,86,16.0635833740234
581,191,"L.lactisIL1403_Roflumilast_50_3","X035570_S00191_rep1_neg.mzML","BB7",3,"polar","negative",100,"Lactococcus lactis IL1403","GMM with  species","L.lactisIL1403","Roflumilast","50",3,1,2,"sample",48,"uL","h","Roflumilast-50-L.lactisIL1403","metabo_fiascan_first_neg",10,1561020535,87,15.1437168121338
464,192,"L.lactisIL1403_Roflumilast_50_4","X035570_S00192_rep1_neg.mzML","BB8",3,"polar","negative",100,"Lactococcus lactis IL1403","GMM with  species","L.lactisIL1403","Roflumilast","50",4,1,2,"sample",48,"uL","h","Roflumilast-50-L.lactisIL1403","metabo_fiascan_first_neg",10,1561007958,86,15.6708507537842
336,193,"NT5038_Duloxetine_0_1","X035570_S00193_rep1_neg.mzML","BC1",3,"polar","negative",100,"Streptococcus salivarius","GMM with  species","NT5038","Duloxetine","0",1,1,2,"sample",48,"uL","h","Duloxetine-0-NT5038","metabo_fiascan_first_neg",10,1560994127,86,16.7181491851807
591,194,"NT5038_Duloxetine_0_2","X035570_S00194_rep1_neg.mzML","BC2",3,"polar","negative",100,"Streptococcus salivarius","GMM with  species","NT5038","Duloxetine","0",2,1,2,"sample",48,"uL","h","Duloxetine-0-NT5038","metabo_fiascan_first_neg",10,1561021588,90,16.9139194488525
491,195,"NT5038_Duloxetine_0_3","X035570_S00195_rep1_neg.mzML","BC3",3,"polar","negative",100,"Streptococcus salivarius","GMM with  species","NT5038","Duloxetine","0",3,1,2,"sample",48,"uL","h","Duloxetine-0-NT5038","metabo_fiascan_first_neg",10,1561010852,88,16.8347454071045
190,196,"NT5038_Duloxetine_0_4","X035570_S00196_rep1_neg.mzML","BC4",3,"polar","negative",100,"Streptococcus salivarius","GMM with  species","NT5038","Duloxetine","0",4,1,2,"sample",48,"uL","h","Duloxetine-0-NT5038","metabo_fiascan_first_neg",10,1560978320,89,16.9737491607666
169,197,"NT5038_Duloxetine_12.5_1","X035570_S00197_rep1_neg.mzML","BC5",3,"polar","negative",100,"Streptococcus salivarius","GMM with  species","NT5038","Duloxetine","12.5",1,1,2,"sample",48,"uL","h","Duloxetine-12.5-NT5038","metabo_fiascan_first_neg",10,1560976043,90,17.045464515686
252,198,"NT5038_Duloxetine_12.5_2","X035570_S00198_rep1_neg.mzML","BC6",3,"polar","negative",100,"Streptococcus salivarius","GMM with  species","NT5038","Duloxetine","12.5",2,1,2,"sample",48,"uL","h","Duloxetine-12.5-NT5038","metabo_fiascan_first_neg",10,1560985008,86,16.7822380065918
514,199,"NT5038_Duloxetine_12.5_3","X035570_S00199_rep1_neg.mzML","BC7",3,"polar","negative",100,"Streptococcus salivarius","GMM with  species","NT5038","Duloxetine","12.5",3,1,2,"sample",48,"uL","h","Duloxetine-12.5-NT5038","metabo_fiascan_first_neg",10,1561013337,89,16.9712543487549
192,200,"NT5038_Duloxetine_12.5_4","X035570_S00200_rep1_neg.mzML","BC8",3,"polar","negative",100,"Streptococcus salivarius","GMM with  species","NT5038","Duloxetine","12.5",4,1,2,"sample",48,"uL","h","Duloxetine-12.5-NT5038","metabo_fiascan_first_neg",10,1560978533,88,16.9983177185059
309,201,"NT5038_Duloxetine_25_1","X035570_S00201_rep1_neg.mzML","BC9",3,"polar","negative",100,"Streptococcus salivarius","GMM with  species","NT5038","Duloxetine","25",1,1,2,"sample",48,"uL","h","Duloxetine-25-NT5038","metabo_fiascan_first_neg",10,1560991215,89,16.9055881500244
66,202,"NT5038_Duloxetine_25_2","X035570_S00202_rep1_neg.mzML","BC10",3,"polar","negative",100,"Streptococcus salivarius","GMM with  species","NT5038","Duloxetine","25",2,1,2,"sample",48,"uL","h","Duloxetine-25-NT5038","metabo_fiascan_first_neg",10,1560964860,92,17.4587478637695
543,203,"NT5038_Duloxetine_25_3","X035570_S00203_rep1_neg.mzML","BC11",3,"polar","negative",100,"Streptococcus salivarius","GMM with  species","NT5038","Duloxetine","25",3,1,2,"sample",48,"uL","h","Duloxetine-25-NT5038","metabo_fiascan_first_neg",10,1561016437,84,16.8287992477417
165,204,"NT5038_Duloxetine_25_4","X035570_S00204_rep1_neg.mzML","BC12",3,"polar","negative",100,"Streptococcus salivarius","GMM with  species","NT5038","Duloxetine","25",4,1,2,"sample",48,"uL","h","Duloxetine-25-NT5038","metabo_fiascan_first_neg",10,1560975620,88,17.0708122253418
595,205,"NT5038_Duloxetine_50_1","X035570_S00205_rep1_neg.mzML","BD1",3,"polar","negative",100,"Streptococcus salivarius","GMM with  species","NT5038","Duloxetine","50",1,1,2,"sample",48,"uL","h","Duloxetine-50-NT5038","metabo_fiascan_first_neg",10,1561022012,88,16.8104047775269
271,206,"NT5038_Duloxetine_50_2","X035570_S00206_rep1_neg.mzML","BD2",3,"polar","negative",100,"Streptococcus salivarius","GMM with  species","NT5038","Duloxetine","50",2,1,2,"sample",48,"uL","h","Duloxetine-50-NT5038","metabo_fiascan_first_neg",10,1560987078,90,16.9827871322632
152,207,"NT5038_Duloxetine_50_3","X035570_S00207_rep1_neg.mzML","BD3",3,"polar","negative",100,"Streptococcus salivarius","GMM with  species","NT5038","Duloxetine","50",3,1,2,"sample",48,"uL","h","Duloxetine-50-NT5038","metabo_fiascan_first_neg",10,1560974189,86,17.1756467819214
426,208,"NT5038_Duloxetine_50_4","X035570_S00208_rep1_neg.mzML","BD4",3,"polar","negative",100,"Streptococcus salivarius","GMM with  species","NT5038","Duloxetine","50",4,1,2,"sample",48,"uL","h","Duloxetine-50-NT5038","metabo_fiascan_first_neg",10,1561003846,89,16.9679183959961
298,209,"NT5038_Roflumilast_0_1","X035570_S00209_rep1_neg.mzML","BD5",3,"polar","negative",100,"Streptococcus salivarius","GMM with  species","NT5038","Roflumilast","0",1,1,2,"sample",48,"uL","h","Roflumilast-0-NT5038","metabo_fiascan_first_neg",10,1560989994,89,17.1107025146484
551,210,"NT5038_Roflumilast_0_2","X035570_S00210_rep1_neg.mzML","BD6",3,"polar","negative",100,"Streptococcus salivarius","GMM with  species","NT5038","Roflumilast","0",2,1,2,"sample",48,"uL","h","Roflumilast-0-NT5038","metabo_fiascan_first_neg",10,1561017274,91,16.7557029724121
217,211,"NT5038_Roflumilast_0_3","X035570_S00211_rep1_neg.mzML","BD7",3,"polar","negative",100,"Streptococcus salivarius","GMM with  species","NT5038","Roflumilast","0",3,1,2,"sample",48,"uL","h","Roflumilast-0-NT5038","metabo_fiascan_first_neg",10,1560981232,90,15.580096244812
240,212,"NT5038_Roflumilast_0_4","X035570_S00212_rep1_neg.mzML","BD8",3,"polar","negative",100,"Streptococcus salivarius","GMM with  species","NT5038","Roflumilast","0",4,1,2,"sample",48,"uL","h","Roflumilast-0-NT5038","metabo_fiascan_first_neg",10,1560983731,88,17.1651916503906
372,213,"NT5038_Roflumilast_12.5_1","X035570_S00213_rep1_neg.mzML","BD9",3,"polar","negative",100,"Streptococcus salivarius","GMM with  species","NT5038","Roflumilast","12.5",1,1,2,"sample",48,"uL","h","Roflumilast-12.5-NT5038","metabo_fiascan_first_neg",10,1560998040,86,16.990234375
307,214,"NT5038_Roflumilast_12.5_2","X035570_S00214_rep1_neg.mzML","BD10",3,"polar","negative",100,"Streptococcus salivarius","GMM with  species","NT5038","Roflumilast","12.5",2,1,2,"sample",48,"uL","h","Roflumilast-12.5-NT5038","metabo_fiascan_first_neg",10,1560991002,90,17.0301237106323
501,215,"NT5038_Roflumilast_12.5_3","X035570_S00215_rep1_neg.mzML","BD11",3,"polar","negative",100,"Streptococcus salivarius","GMM with  species","NT5038","Roflumilast","12.5",3,1,2,"sample",48,"uL","h","Roflumilast-12.5-NT5038","metabo_fiascan_first_neg",10,1561011914,88,16.8496065139771
432,216,"NT5038_Roflumilast_12.5_4","X035570_S00216_rep1_neg.mzML","BD12",3,"polar","negative",100,"Streptococcus salivarius","GMM with  species","NT5038","Roflumilast","12.5",4,1,2,"sample",48,"uL","h","Roflumilast-12.5-NT5038","metabo_fiascan_first_neg",10,1561004478,89,16.6045093536377
319,217,"NT5038_Roflumilast_25_1","X035570_S00217_rep1_neg.mzML","BE1",3,"polar","negative",100,"Streptococcus salivarius","GMM with  species","NT5038","Roflumilast","25",1,1,2,"sample",48,"uL","h","Roflumilast-25-NT5038","metabo_fiascan_first_neg",10,1560992277,87,16.9399337768555
587,218,"NT5038_Roflumilast_25_2","X035570_S00218_rep1_neg.mzML","BE2",3,"polar","negative",100,"Streptococcus salivarius","GMM with  species","NT5038","Roflumilast","25",2,1,2,"sample",48,"uL","h","Roflumilast-25-NT5038","metabo_fiascan_first_neg",10,1561021168,88,16.8023204803467
181,219,"NT5038_Roflumilast_25_3","X035570_S00219_rep1_neg.mzML","BE3",3,"polar","negative",100,"Streptococcus salivarius","GMM with  species","NT5038","Roflumilast","25",3,1,2,"sample",48,"uL","h","Roflumilast-25-NT5038","metabo_fiascan_first_neg",10,1560977315,91,16.7660913467407
422,220,"NT5038_Roflumilast_25_4","X035570_S00220_rep1_neg.mzML","BE4",3,"polar","negative",100,"Streptococcus salivarius","GMM with  species","NT5038","Roflumilast","25",4,1,2,"sample",48,"uL","h","Roflumilast-25-NT5038","metabo_fiascan_first_neg",10,1561003422,88,16.8404159545898
146,221,"NT5038_Roflumilast_50_1","X035570_S00221_rep1_neg.mzML","BE5",3,"polar","negative",100,"Streptococcus salivarius","GMM with  species","NT5038","Roflumilast","50",1,1,2,"sample",48,"uL","h","Roflumilast-50-NT5038","metabo_fiascan_first_neg",10,1560973552,89,17.1945056915283
566,222,"NT5038_Roflumilast_50_2","X035570_S00222_rep1_neg.mzML","BE6",3,"polar","negative",100,"Streptococcus salivarius","GMM with  species","NT5038","Roflumilast","50",2,1,2,"sample",48,"uL","h","Roflumilast-50-NT5038","metabo_fiascan_first_neg",10,1561018904,88,16.3832683563232
206,223,"NT5038_Roflumilast_50_3","X035570_S00223_rep1_neg.mzML","BE7",3,"polar","negative",100,"Streptococcus salivarius","GMM with  species","NT5038","Roflumilast","50",3,1,2,"sample",48,"uL","h","Roflumilast-50-NT5038","metabo_fiascan_first_neg",10,1560980011,89,16.5896167755127
328,224,"NT5038_Roflumilast_50_4","X035570_S00224_rep1_neg.mzML","BE8",3,"polar","negative",100,"Streptococcus salivarius","GMM with  species","NT5038","Roflumilast","50",4,1,2,"sample",48,"uL","h","Roflumilast-50-NT5038","metabo_fiascan_first_neg",10,1560993283,86,16.6534242630005
50,225,"none_Duloxetine_0_1","X035570_S00225_rep1_neg.mzML","BF1",3,"polar","negative",100,"NA","NA","none","Duloxetine","0",1,1,2,"sample",0,"uL","h","Duloxetine-0","metabo_fiascan_first_neg",10,1560963164,90,16.7703371047974
447,226,"none_Duloxetine_0_2","X035570_S00226_rep1_neg.mzML","BF2",3,"polar","negative",100,"NA","NA","none","Duloxetine","0",2,1,2,"sample",0,"uL","h","Duloxetine-0","metabo_fiascan_first_neg",10,1561006113,86,16.3676280975342
204,227,"none_Duloxetine_0_3","X035570_S00227_rep1_neg.mzML","BF3",3,"polar","negative",100,"NA","NA","none","Duloxetine","0",3,1,2,"sample",0,"uL","h","Duloxetine-0","metabo_fiascan_first_neg",10,1560979802,88,16.1069974899292
380,228,"none_Duloxetine_0_4","X035570_S00228_rep1_neg.mzML","BF4",3,"polar","negative",100,"NA","NA","none","Duloxetine","0",4,1,2,"sample",0,"uL","h","Duloxetine-0","metabo_fiascan_first_neg",10,1560998882,89,16.1931858062744
388,229,"none_Duloxetine_12.5_1","X035570_S00229_rep1_neg.mzML","BF5",3,"polar","negative",100,"NA","NA","none","Duloxetine","12.5",1,1,2,"sample",0,"uL","h","Duloxetine-12.5","metabo_fiascan_first_neg",10,1560999734,89,16.3982629776001
14,230,"none_Duloxetine_12.5_2","X035570_S00230_rep1_neg.mzML","BF6",3,"polar","negative",100,"NA","NA","none","Duloxetine","12.5",2,1,2,"sample",0,"uL","h","Duloxetine-12.5","metabo_fiascan_first_neg",10,1560959232,88,16.8650197982788
188,231,"none_Duloxetine_12.5_3","X035570_S00231_rep1_neg.mzML","BF7",3,"polar","negative",100,"NA","NA","none","Duloxetine","12.5",3,1,2,"sample",0,"uL","h","Duloxetine-12.5","metabo_fiascan_first_neg",10,1560978110,89,16.3269748687744
196,232,"none_Duloxetine_12.5_4","X035570_S00232_rep1_neg.mzML","BF8",3,"polar","negative",100,"NA","NA","none","Duloxetine","12.5",4,1,2,"sample",0,"uL","h","Duloxetine-12.5","metabo_fiascan_first_neg",10,1560978960,86,16.2723665237427
430,233,"none_Duloxetine_25_1","X035570_S00233_rep1_neg.mzML","BF9",3,"polar","negative",100,"NA","NA","none","Duloxetine","25",1,1,2,"sample",0,"uL","h","Duloxetine-25","metabo_fiascan_first_neg",10,1561004268,89,16.1726341247559
10,234,"none_Duloxetine_25_2","X035570_S00234_rep1_neg.mzML","BF10",3,"polar","negative",100,"NA","NA","none","Duloxetine","25",2,1,2,"sample",0,"uL","h","Duloxetine-25","metabo_fiascan_first_neg",10,1560958812,86,16.4426689147949
91,235,"none_Duloxetine_25_3","X035570_S00235_rep1_neg.mzML","BF11",3,"polar","negative",100,"NA","NA","none","Duloxetine","25",3,1,2,"sample",0,"uL","h","Duloxetine-25","metabo_fiascan_first_neg",10,1560967571,88,16.5716142654419
263,236,"none_Duloxetine_25_4","X035570_S00236_rep1_neg.mzML","BF12",3,"polar","negative",100,"NA","NA","none","Duloxetine","25",4,1,2,"sample",0,"uL","h","Duloxetine-25","metabo_fiascan_first_neg",10,1560986224,89,16.4166488647461
468,237,"none_Duloxetine_50_1","X035570_S00237_rep1_neg.mzML","BG1",3,"polar","negative",100,"NA","NA","none","Duloxetine","50",1,1,2,"sample",0,"uL","h","Duloxetine-50","metabo_fiascan_first_neg",10,1561008378,89,16.0961093902588
112,238,"none_Duloxetine_50_2","X035570_S00238_rep1_neg.mzML","BG2",3,"polar","negative",100,"NA","NA","none","Duloxetine","50",2,1,2,"sample",0,"uL","h","Duloxetine-50","metabo_fiascan_first_neg",10,1560969841,89,16.398756980896
125,239,"none_Duloxetine_50_3","X035570_S00239_rep1_neg.mzML","BG3",3,"polar","negative",100,"NA","NA","none","Duloxetine","50",3,1,2,"sample",0,"uL","h","Duloxetine-50","metabo_fiascan_first_neg",10,1560971266,91,15.9534912109375
16,240,"none_Duloxetine_50_4","X035570_S00240_rep1_neg.mzML","BG4",3,"polar","negative",100,"NA","NA","none","Duloxetine","50",4,1,2,"sample",0,"uL","h","Duloxetine-50","metabo_fiascan_first_neg",10,1560959441,89,16.5839691162109
516,241,"none_Roflumilast_0_1","X035570_S00241_rep1_neg.mzML","BG5",3,"polar","negative",100,"NA","NA","none","Roflumilast","0",1,1,2,"sample",0,"uL","h","Roflumilast-0","metabo_fiascan_first_neg",10,1561013547,88,16.024995803833
41,242,"none_Roflumilast_0_2","X035570_S00242_rep1_neg.mzML","BG6",3,"polar","negative",100,"NA","NA","none","Roflumilast","0",2,1,2,"sample",0,"uL","h","Roflumilast-0","metabo_fiascan_first_neg",10,1560962160,91,16.8568067550659
123,243,"none_Roflumilast_0_3","X035570_S00243_rep1_neg.mzML","BG7",3,"polar","negative",100,"NA","NA","none","Roflumilast","0",3,1,2,"sample",0,"uL","h","Roflumilast-0","metabo_fiascan_first_neg",10,1560971056,87,16.0953979492188
528,244,"none_Roflumilast_0_4","X035570_S00244_rep1_neg.mzML","BG8",3,"polar","negative",100,"NA","NA","none","Roflumilast","0",4,1,2,"sample",0,"uL","h","Roflumilast-0","metabo_fiascan_first_neg",10,1561014811,88,16.2976694107056
409,245,"none_Roflumilast_12.5_1","X035570_S00245_rep1_neg.mzML","BG9",3,"polar","negative",100,"NA","NA","none","Roflumilast","12.5",1,1,2,"sample",0,"uL","h","Roflumilast-12.5","metabo_fiascan_first_neg",10,1561002005,85,16.0325899124146
317,246,"none_Roflumilast_12.5_2","X035570_S00246_rep1_neg.mzML","BG10",3,"polar","negative",100,"NA","NA","none","Roflumilast","12.5",2,1,2,"sample",0,"uL","h","Roflumilast-12.5","metabo_fiascan_first_neg",10,1560992065,88,15.9140281677246
533,247,"none_Roflumilast_12.5_3","X035570_S00247_rep1_neg.mzML","BG11",3,"polar","negative",100,"NA","NA","none","Roflumilast","12.5",3,1,2,"sample",0,"uL","h","Roflumilast-12.5","metabo_fiascan_first_neg",10,1561015386,89,16.3270778656006
100,248,"none_Roflumilast_12.5_4","X035570_S00248_rep1_neg.mzML","BG12",3,"polar","negative",100,"NA","NA","none","Roflumilast","12.5",4,1,2,"sample",0,"uL","h","Roflumilast-12.5","metabo_fiascan_first_neg",10,1560968574,89,16.2973518371582
376,249,"none_Roflumilast_25_1","X035570_S00249_rep1_neg.mzML","BH1",3,"polar","negative",100,"NA","NA","none","Roflumilast","25",1,1,2,"sample",0,"uL","h","Roflumilast-25","metabo_fiascan_first_neg",10,1560998460,88,16.170955657959
497,250,"none_Roflumilast_25_2","X035570_S00250_rep1_neg.mzML","BH2",3,"polar","negative",100,"NA","NA","none","Roflumilast","25",2,1,2,"sample",0,"uL","h","Roflumilast-25","metabo_fiascan_first_neg",10,1561011491,89,16.1672534942627
420,251,"none_Roflumilast_25_3","X035570_S00251_rep1_neg.mzML","BH3",3,"polar","negative",100,"NA","NA","none","Roflumilast","25",3,1,2,"sample",0,"uL","h","Roflumilast-25","metabo_fiascan_first_neg",10,1561003214,86,16.2065181732178
167,252,"none_Roflumilast_25_4","X035570_S00252_rep1_neg.mzML","BH4",3,"polar","negative",100,"NA","NA","none","Roflumilast","25",4,1,2,"sample",0,"uL","h","Roflumilast-25","metabo_fiascan_first_neg",10,1560975829,90,16.3625583648682
160,253,"none_Roflumilast_50_1","X035570_S00253_rep1_neg.mzML","BH5",3,"polar","negative",100,"NA","NA","none","Roflumilast","50",1,1,2,"sample",0,"uL","h","Roflumilast-50","metabo_fiascan_first_neg",10,1560975034,88,15.9355087280273
275,254,"none_Roflumilast_50_2","X035570_S00254_rep1_neg.mzML","BH6",3,"polar","negative",100,"NA","NA","none","Roflumilast","50",2,1,2,"sample",0,"uL","h","Roflumilast-50","metabo_fiascan_first_neg",10,1560987503,89,16.0700702667236
436,255,"none_Roflumilast_50_3","X035570_S00255_rep1_neg.mzML","BH7",3,"polar","negative",100,"NA","NA","none","Roflumilast","50",3,1,2,"sample",0,"uL","h","Roflumilast-50","metabo_fiascan_first_neg",10,1561004898,89,15.9293575286865
27,256,"none_Roflumilast_50_4","X035570_S00256_rep1_neg.mzML","BH8",3,"polar","negative",100,"NA","NA","none","Roflumilast","50",4,1,2,"sample",0,"uL","h","Roflumilast-50","metabo_fiascan_first_neg",10,1560960678,87,16.6837520599365
535,257,"ACN_NA_NA_1","X035570_S00257_rep1_neg.mzML","BH9",3,"polar","negative",100,"NA","NA","ACN","NA","NA",1,1,2,"sample",0,"uL","h","75% Acetonitrile/H2O","metabo_fiascan_first_neg",10,1561015596,91,13.4117708206177
156,258,"ACN_NA_NA_2","X035570_S00258_rep1_neg.mzML","BH10",3,"polar","negative",100,"NA","NA","ACN","NA","NA",2,1,2,"sample",0,"uL","h","75% Acetonitrile/H2O","metabo_fiascan_first_neg",10,1560974612,86,13.9584693908691
399,259,"ACN_NA_NA_3","X035570_S00259_rep1_neg.mzML","BH11",3,"polar","negative",100,"NA","NA","ACN","NA","NA",3,1,2,"sample",0,"uL","h","75% Acetonitrile/H2O","metabo_fiascan_first_neg",10,1561000947,92,13.5552406311035
315,260,"ACN_NA_NA_4","X035570_S00260_rep1_neg.mzML","BH12",3,"polar","negative",100,"NA","NA","ACN","NA","NA",4,1,2,"sample",0,"uL","h","75% Acetonitrile/H2O","metabo_fiascan_first_neg",10,1560991853,86,12.8057565689087
