protein_id	has_hits.lysate_Csaccharolyticum	has_hits.lysate_ED1a	has_hits.lysate_IAI1	has_hits.whole_ED1a	has_hits.whole_IAI1
B7LIG9				stabilized	
B7LIH2				stabilized	
B7LIH9		destabilized			
B7LII0		destabilized			
B7LIK5		destabilized			
B7LIK9				destabilized	
B7LIL0		destabilized			
B7LIM1		destabilized			
B7LIN2		destabilized			
B7LIT5		destabilized			
B7MNN5				stabilized	
B7MNN7				destabilized	
B7MNN8				stabilized	
B7MNP4		stabilized			
B7MNP8		stabilized			
B7MNQ8		destabilized			
B7MNT1				destabilized	
B7MNT7				stabilized	
B7MNU1		stabilized			
B7MNV4		stabilized			
B7MNW1				destabilized	
B7MNY7				stabilized	
B7MNY8		destabilized			
B7MNZ3		destabilized		stabilized	
B7MNZ5		destabilized			
B7MP18		destabilized		stabilized	
B7MP21		destabilized			
B7MP22				destabilized	
B7MP28		destabilized			
B7MP33				stabilized	
B7MP38				stabilized	
B7MP42				stabilized	
B7MP46				stabilized	
B7MP50		stabilized			
B7MP64		stabilized			
B7MP83		destabilized			
B7MP98		stabilized		stabilized	
B7MPE3		destabilized			
B7MPF0				destabilized	
B7MPF5		destabilized			
B7MPF7		destabilized			
B7MPF8		stabilized			
B7MPH0		destabilized			
B7MPH4		destabilized			
B7MPI1		stabilized		destabilized	
B7MPI3		destabilized			
B7MPJ6		destabilized			
B7MPL3				destabilized	
B7MPM0		destabilized			
B7MPM7				destabilized	
B7MPM9		stabilized			
B7MPN0		stabilized			
B7MPN3		destabilized			
B7MPP1		stabilized		stabilized	
B7MPR6		destabilized			
B7MPT7		destabilized			
B7MPU8		destabilized			
B7MPW2		stabilized		stabilized	
B7MPZ3		stabilized			
B7MQ35		stabilized			
B7MQ57		destabilized			
B7MQ58				stabilized	
B7MQ73		stabilized			
B7MQ74				destabilized	
B7MQ98				stabilized	
B7MQA5		destabilized			
B7MQD7		destabilized			
B7MQE0		stabilized			
B7MQF2		stabilized			
B7MQF3		destabilized			
B7MQF8		destabilized			
B7MQG8				stabilized	
B7MQH1		stabilized			
B7MQI0				stabilized	
B7MQI1		stabilized			
B7MQI2		destabilized			
B7MQI4				destabilized	
B7MQI6		destabilized			
B7MQJ1		destabilized			
B7MQJ7				destabilized	
B7MQK0		stabilized			
B7MQK2		destabilized			
B7MQL2		destabilized			
B7MQN8		destabilized			
B7MQN9				destabilized	
B7MQP6		stabilized			
B7MQP8				stabilized	
B7MQQ1		destabilized			
B7MQR6		destabilized		destabilized	
B7MQS3		destabilized			
B7MQT1		stabilized			
B7MQT2		stabilized		destabilized	
B7MQT3				destabilized	
B7MQT9		destabilized			
B7MQU1		destabilized			
B7MQV2		destabilized			
B7MQV4		destabilized			
B7MQV7				destabilized	
B7MQY4				stabilized	
B7MR11		destabilized			
B7MR14				stabilized	
B7MR21		destabilized			
B7MR28		stabilized			
B7MR50				stabilized	
B7MR61		stabilized			
B7MR69		destabilized			
B7MR71				destabilized	
B7MRA7				stabilized	
B7MRB2		destabilized			
B7MRC4				destabilized	
B7MRC6		destabilized			
B7MRD0				stabilized	
B7MRD7				stabilized	
B7MRD8		destabilized			
B7MRE6		stabilized			
B7MRF7				destabilized	
B7MRG8				destabilized	
B7MRH1		stabilized			
B7MRH4		stabilized			
B7MRI8				stabilized	
B7MRJ2		destabilized			
B7MRK1				destabilized	
B7MRP5		stabilized			
B7MRP6				stabilized	
B7MRQ3		stabilized			
B7MRQ5		stabilized			
B7MRQ8				stabilized	
B7MRR5		stabilized			
B7MRR8		destabilized			
B7MRS4		destabilized			
B7MRS7		stabilized			
B7MRS9				destabilized	
B7MRT0		destabilized			
B7MRV2				stabilized	
B7MRV3				stabilized	
B7MRV4		destabilized			
B7MS12		destabilized			
B7MS25		stabilized			
B7MS26		stabilized		stabilized	
B7MS29				stabilized	
B7MS35		destabilized			
B7MS46		destabilized			
B7MS50				destabilized	
B7MS64		destabilized			
B7MS68		destabilized			
B7MS76		stabilized			
B7MS88				stabilized	
B7MS91				stabilized	
B7MSE2		stabilized			
B7MSE8		stabilized		stabilized	
B7MSE9				stabilized	
B7MSF8		destabilized			
B7MSG2				stabilized	
B7MSH4				stabilized	
B7MSI2		destabilized		destabilized	
B7MSI6		stabilized		stabilized	
B7MSI8				stabilized	
B7MSJ5		destabilized			
B7MSJ7		destabilized			
B7MSK6				stabilized	
B7MSN7		stabilized			
B7MST0		stabilized			
B7MSU3		destabilized			
B7MSU8				destabilized	
B7MSV3				stabilized	
B7MSW0		destabilized			
B7MSW8		stabilized			
B7MSW9		destabilized			
B7MSX0		destabilized			
B7MSX1				destabilized	
B7MSX6		stabilized			
B7MSX8		destabilized			
B7MSY8				destabilized	
B7MSZ3		destabilized			
B7MT19		destabilized			
B7MT72		stabilized			
B7MT77		stabilized		destabilized	
B7MT80		destabilized			
B7MT88		stabilized			
B7MTA1		stabilized			
B7MTA3				stabilized	
B7MTB1				destabilized	
B7MTB7		destabilized			
B7MTD0				stabilized	
B7MTD6				stabilized	
B7MTD7		stabilized		stabilized	
B7MTE3		stabilized			
B7MTE5				stabilized	
B7MTF0		stabilized			
B7MTJ2		stabilized			
B7MTJ4		destabilized			
B7MTJ8		destabilized			
B7MTK2		stabilized			
B7MTK7		stabilized			
B7MTL0		stabilized			
B7MTL3				stabilized	
B7MTL8				stabilized	
B7MTL9		destabilized			
B7MTN9		stabilized		stabilized	
B7MTP6				stabilized	
B7MTQ3		destabilized			
B7MTR1				stabilized	
B7MTR5		stabilized			
B7MTV2				stabilized	
B7MTV8				destabilized	
B7MTW7				stabilized	
B7MTX0				destabilized	
B7MTY3		destabilized			
B7MTY4				stabilized	
B7MTZ1		destabilized		destabilized	
B7MTZ2				stabilized	
B7MTZ5				stabilized	
B7MU12		stabilized			
B7MU27		destabilized			
B7MU41		stabilized			
B7MU70		destabilized			
B7MU90		destabilized			
B7MU96		stabilized			
B7MUA0		stabilized			
B7MUA3				stabilized	
B7MUA8		destabilized			
B7MUB0				destabilized	
B7MUB3		destabilized			
B7MUC3		stabilized		stabilized	
B7MUD7		stabilized			
B7MUE4				stabilized	
B7MUE8		destabilized			
B7MUG0		stabilized		destabilized	
B7MUG4		destabilized			
B7MUG6		destabilized			
B7MUH2				stabilized	
B7MUJ3		destabilized			
B7MUJ7				destabilized	
B7MUL5		stabilized			
B7MUN2		destabilized			
B7MUV0		destabilized			
B7MUW1		stabilized			
B7MV29		destabilized			
B7MV36		stabilized			
B7MV38				destabilized	
B7MV70		destabilized			
B7MV72		destabilized			
B7MV86		stabilized			
B7MV93		destabilized			
B7MV94				stabilized	
B7MVA0		stabilized			
B7MVA1		destabilized			
B7MVA3		destabilized			
B7MVA6				stabilized	
B7MVB2				destabilized	
B7MVB3				stabilized	
B7MVB5				stabilized	
B7MVC0		destabilized		destabilized	
B7MVD0		destabilized			
B7MVF2				destabilized	
B7MVF4		destabilized			
B7MVJ4		destabilized			
B7MVK2		stabilized			
B7MVK6				stabilized	
B7MVL2		stabilized			
B7MVN3				stabilized	
B7MVP6				stabilized	
B7MVQ3				stabilized	
B7MVQ9		destabilized			
B7MVR0		destabilized			
B7MVR9				destabilized	
B7MVT9		destabilized			
B7MVU3		destabilized			
B7MVU9		destabilized			
B7MVV2		destabilized			
B7MVX0		destabilized			
B7MVZ3		destabilized			
B7MVZ5		stabilized			
B7MW03				destabilized	
B7MW07		stabilized			
B7MW57		stabilized			
B7MW70		destabilized			
B7MW84		stabilized			
B7MW92		destabilized			
B7MW95		destabilized			
B7MW96		destabilized			
B7MW98		destabilized			
B7MW99				stabilized	
B7MWA2		destabilized			
B7MWA6				stabilized	
B7MWE9		stabilized			
B7MWS8		destabilized			
B7MWT8		destabilized			
B7MWU1				stabilized	
B7MWU9		stabilized			
B7MWV0		destabilized			
B7MWV6				stabilized	
B7MX29		destabilized			
B7MX36		destabilized			
B7MX84		destabilized			
B7MXE0		destabilized			
B7MXE4		stabilized			
B7MXE9		destabilized			
B7MXF8				stabilized	
B7MXF9				stabilized	
B7MXG0				stabilized	
B7MXG2				stabilized	
B7MXG5				stabilized	
B7MXG7				stabilized	
B7MXH2		destabilized			
B7MXJ1		stabilized			
B7MXK3		destabilized		stabilized	
B7MXK9		destabilized			
B7MXM5		stabilized		stabilized	
B7MXM7				stabilized	
B7MXP0		destabilized			
B7MXP2		destabilized			
B7MXP8		destabilized			
B7MXR3		destabilized			
B7MXS1		stabilized			
B7MXS2				stabilized	
B7MXS4		destabilized			
B7MXS9				stabilized	
B7MXT1		destabilized			
B7MXT3		destabilized			
B7MXV7		stabilized			
B7MXW2				destabilized	
B7MXW3				destabilized	
B7MXW5				stabilized	
B7MXW9		stabilized			
B7MXX7		stabilized			
B7MXY6		destabilized			
B7MXZ1		destabilized			
B7MY17		stabilized		stabilized	
B7MY29				stabilized	
B7MY50				destabilized	
B7MY62				stabilized	
B7MY71		stabilized			
B7MY73				stabilized	
B7MY78				destabilized	
B7MY85		destabilized			
B7MY86		stabilized			
B7MY90		destabilized			
B7MY91		destabilized			
B7MY94		stabilized			
B7MYA0		stabilized			
B7MYA2				destabilized	
B7MYB5		destabilized			
B7MYB7				stabilized	
B7MYC2		destabilized			
B7MYC4		stabilized			
B7MYC5				destabilized	
B7MYC7		destabilized			
B7MYE8		destabilized		destabilized	
B7MYF4		stabilized			
B7MYF7		destabilized		destabilized	
B7MYF9		stabilized		destabilized	
B7MYG1		stabilized			
B7MYG4		destabilized			
B7MYG5		stabilized			
B7MYG6		stabilized			
B7MYI0		destabilized			
B7MYI3		stabilized			
B7MYI4		destabilized			
B7MYJ4		destabilized			
B7MYK1		stabilized			
B7MYK5				destabilized	
B7MYL3		destabilized			
B7MYN6				stabilized	
B7MYU2		destabilized		stabilized	
B7MYW3				stabilized	
B7MYW7		destabilized			
B7MYW9		destabilized			
B7MYX1		destabilized			
B7MYY3		destabilized			
B7MYZ0				stabilized	
B7MZ02				stabilized	
B7MZ05		destabilized			
B7MZ08		destabilized			
B7MZ21		destabilized			
B7MZ22				stabilized	
B7MZ33		destabilized			
B7MZ49		destabilized			
B7MZ50		stabilized			
B7MZ72		stabilized		stabilized	
B7MZ78		destabilized			
B7MZ86		destabilized			
B7MZ93				destabilized	
B7MZ95		destabilized			
B7MZA0		stabilized			
B7MZA2		destabilized		destabilized	
B7MZA6		destabilized			
B7MZE3		destabilized			
B7MZI9		stabilized			
B7MZJ1		destabilized			
B7MZJ2				destabilized	
B7MZK5		destabilized			
B7MZK7		destabilized			
B7MZK9		destabilized			
B7MZL5		destabilized			
B7MZN4		stabilized		stabilized	
B7MZP2		stabilized			
B7MZQ1		stabilized			
B7MZQ2		destabilized		stabilized	
B7MZQ3		destabilized		destabilized	
B7MZS0				destabilized	
B7MZS1		destabilized			
B7MZS8		stabilized			
B7MZV7		destabilized			
B7N072		destabilized			
B7N082				destabilized	
B7N0A2		destabilized			
B7N0A8				stabilized	
B7N0B8		destabilized			
B7N0C0		destabilized			
B7N0C6		destabilized		destabilized	
B7N0E9		stabilized			
B7N0H0				destabilized	
B7N0I2		destabilized			
B7N0I3		destabilized			
B7N0J7				destabilized	
B7N0J8		destabilized			
B7N0K2		stabilized		destabilized	
B7N0L7		stabilized			
B7N0L8		destabilized			
B7N0M0		destabilized			
B7N0N8		stabilized			
B7N0P1		destabilized			
B7N0P7		stabilized		destabilized	
B7N0P8				stabilized	
B7N0Q5		destabilized			
B7N0Q9		destabilized			
B7N0R4				destabilized	
B7N0R7				stabilized	
B7N0S2		stabilized			
B7N0T4				stabilized	
B7N0U1		destabilized			
B7N0V2				destabilized	
B7N0V4		stabilized			
B7N0V8		destabilized			
B7N0V9		destabilized			
B7N0W0		destabilized			
B7N0W5		destabilized			
B7N0W8		destabilized			
B7N0X1		destabilized			
B7N0X4		destabilized			
B7N0X5		destabilized			
B7N0Y0				stabilized	
B7N0Y1		stabilized			
B7N0Y4				destabilized	
B7N0Y5				stabilized	
B7N0Z3		destabilized			
B7N100		destabilized			
B7N101		destabilized			
B7N102				destabilized	
B7N103		stabilized			
B7N107		stabilized			
B7N109		destabilized			
B7N118		destabilized			
B7N128				destabilized	
B7N134		stabilized			
B7N141		destabilized			
B7N147		destabilized			
B7N158		stabilized			
B7N167		destabilized			
B7N171				stabilized	
B7N180		stabilized			
B7N185		destabilized			
B7N189				stabilized	
B7N194		destabilized			
B7N196		destabilized			
B7N197		destabilized			
B7N198		destabilized			
B7N1A1		destabilized			
B7N1A3		destabilized			
B7N1A4		destabilized			
B7N1A5		stabilized		stabilized	
B7N1D6		stabilized			
B7N1E6		stabilized			
B7N1G4		destabilized			
B7N1H6		stabilized			
B7N1L1				destabilized	
B7N1M2				stabilized	
B7N1N7		stabilized			
B7N1Q8		destabilized			
B7N1R4		destabilized			
B7N1S1		stabilized			
B7N1S3				stabilized	
B7N1S6		stabilized			
B7N1T1		stabilized			
B7N1T5		destabilized			
B7N1V0				stabilized	
B7N1V1		destabilized			
B7N1V5		destabilized			
B7N1W6				destabilized	
B7N1W9		stabilized			
B7N1Z2		destabilized			
B7N1Z3				stabilized	
B7N201		destabilized			
B7N219				destabilized	
B7N220				destabilized	
B7N239		destabilized			
B7N244		destabilized		stabilized	
B7N251				stabilized	
B7N273		destabilized		destabilized	
B7N274				stabilized	
B7N275		destabilized			
B7N277		destabilized			
B7N278				stabilized	
B7N281		stabilized		stabilized	
B7N293		destabilized			
B7N2D2		destabilized		stabilized	
B7N2D6		destabilized			
B7N2E5		destabilized		destabilized	
B7N2F2				destabilized	
B7N2G0		destabilized		stabilized	
B7N2G4		stabilized			
B7N2G7				destabilized	
B7N2G8				destabilized	
B7N2G9				stabilized	
B7N2H1				stabilized	
B7N2H6		destabilized			
B7N2I7				destabilized	
B7N2K2		destabilized			
B7N2K3				stabilized	
B7N2K5				stabilized	
B7N2M1		destabilized			
B7N2P1				destabilized	
B7N2P5		destabilized			
B7N2Q3		stabilized		stabilized	
B7N2Q4				stabilized	
B7N2R6				destabilized	
B7N2R9		destabilized			
B7N2S2		destabilized			
B7N2S3		destabilized			
B7N2S5		destabilized			
B7N2T5				stabilized	
B7N2T7		destabilized			
B7N2U6		destabilized			
B7N2V3		destabilized			
B7N2V8		destabilized			
B7N2W1		stabilized			
B7N2W3		destabilized			
B7N2X2		destabilized			
B7N2X6				destabilized	
B7N2Y5		destabilized			
B7N2Y8		stabilized			
B7N303		destabilized			
B7N305		destabilized			
B7N359		stabilized		stabilized	
B7N367				stabilized	
B7N376		stabilized			
B7N381		destabilized			
D9QZ40	destabilized				
D9QZ50	destabilized				
D9QZC3	stabilized				
D9QZD4	stabilized				
D9QZF8	stabilized				
D9QZG2	stabilized				
D9QZM7	destabilized				
D9QZM8	destabilized				
D9QZV4	stabilized				
D9QZY1	stabilized				
D9QZY8	stabilized				
D9R013	stabilized				
D9R025	stabilized				
D9R048	destabilized				
D9R0C4	stabilized				
D9R0C7	destabilized				
D9R0M0	stabilized				
D9R0N5	destabilized				
D9R0R8	stabilized				
D9R0V6	stabilized				
D9R0Z3	destabilized				
D9R140	stabilized				
D9R158	stabilized				
D9R161	stabilized				
D9R176	stabilized				
D9R194	stabilized				
D9R1C8	stabilized				
D9R1D0	stabilized				
D9R1L2	destabilized				
D9R1M3	destabilized				
D9R1Q7	destabilized				
D9R1S2	destabilized				
D9R235	stabilized				
D9R251	stabilized				
D9R258	stabilized				
D9R260	destabilized				
D9R277	stabilized				
D9R2A3	stabilized				
D9R2B4	destabilized				
D9R2D5	destabilized				
D9R2D8	stabilized				
D9R2H7	stabilized				
D9R2R0	stabilized				
D9R2V8	stabilized				
D9R2W4	destabilized				
D9R326	destabilized				
D9R344	destabilized				
D9R371	destabilized				
D9R372	stabilized				
D9R382	stabilized				
D9R395	stabilized				
D9R3C9	stabilized				
D9R3F1	destabilized				
D9R3G8	destabilized				
D9R3H0	stabilized				
D9R3H7	destabilized				
D9R3S2	stabilized				
D9R3T7	destabilized				
D9R3W3	stabilized				
D9R3X6	stabilized				
D9R3X9	stabilized				
D9R3Z4	destabilized				
D9R415	stabilized				
D9R430	destabilized				
D9R471	stabilized				
D9R4B2	stabilized				
D9R4F3	stabilized				
D9R4F4	stabilized				
D9R4H4	destabilized				
D9R4M0	stabilized				
D9R4Q4	stabilized				
D9R4Q8	stabilized				
D9R4R5	stabilized				
D9R4S5	destabilized				
D9R4X6	destabilized				
D9R4Y1	stabilized				
D9R4Z9	destabilized				
D9R507	destabilized				
D9R544	destabilized				
D9R589	stabilized				
D9R590	destabilized				
D9R5C9	stabilized				
D9R5M8	stabilized				
D9R5Y0	stabilized				
D9R5Y5	destabilized				
D9R624	destabilized				
D9R658	destabilized				
D9R668	stabilized				
D9R692	stabilized				
D9R6F5	stabilized				
D9R6F7	stabilized				
D9R6I9	destabilized				
D9R6L1	stabilized				
D9R6P7	destabilized				
D9R6R2	stabilized				
D9R6U9	stabilized				
D9R6W6	stabilized				
D9R6Z9	stabilized				
D9R705	stabilized				
D9R742	stabilized				
D9R763	stabilized				
D9R774	stabilized				
D9R783	destabilized				
D9R7A4	stabilized				
D9R7B2	stabilized				
D9R7B8	stabilized				
D9R7C1	stabilized				
D9R7C6	destabilized				
D9R7H3	stabilized				
D9R7K3	destabilized				
D9R7R0	stabilized				
D9R7R9	stabilized				
D9R7T0	destabilized				
D9R7T3	stabilized				
D9R7X3	stabilized				
D9R827	destabilized				
D9R848	stabilized				
D9R850	stabilized				
D9R8F0	stabilized				
D9R8N6	stabilized				
D9R8R4	stabilized				
D9R8S3	stabilized				
D9R8S5	stabilized				
D9R8T0	destabilized				
D9R8T6	stabilized				
D9R911	stabilized				
D9R919	destabilized				
D9R942	stabilized				
D9R962	destabilized				
D9R995	destabilized				
D9R9C3	destabilized				
D9R9C5	stabilized				
D9R9D1	destabilized				
D9R9D3	stabilized				
D9R9G5	stabilized				
D9R9H3	destabilized				
D9R9H8	destabilized				
D9R9N0	stabilized				
D9R9N1	destabilized				
D9R9S4	destabilized				
D9R9V1	destabilized				
D9R9Y0	stabilized				
D9RA11	destabilized				
D9RA17	destabilized				
D9RA29	stabilized				
D9RA76	destabilized				
D9RA97	stabilized				
D9RAA6	destabilized				
D9RAB5	destabilized				
D9RAC6	destabilized				
D9RAC8	destabilized				
D9RAE6	stabilized				
D9RAR2	stabilized				
D9RAR3	stabilized				
D9RAR4	stabilized				
D9RAS2	stabilized				
D9RAV9	stabilized				
P00363			destabilized		destabilized
P00393					stabilized
P00509			destabilized		
P00634					stabilized
P00811					destabilized
P00954					stabilized
P00956			destabilized		
P00960			stabilized		stabilized
P00961			destabilized		
P00962			destabilized		
P00963			destabilized		
P00968					stabilized
P02359					destabilized
P02918			stabilized		
P02929			destabilized		
P02930			destabilized		
P02931			destabilized		
P02943					destabilized
P03004					destabilized
P03813					stabilized
P03841			destabilized		
P06149					destabilized
P06612			destabilized		
P06968			destabilized		
P06974					stabilized
P06983			destabilized		
P06987					stabilized
P06996			destabilized		destabilized
P07004					destabilized
P07623					stabilized
P08194			stabilized		
P08200			destabilized		
P08201			stabilized		
P08204			stabilized		
P08244			stabilized		stabilized
P08245			destabilized		
P08390			stabilized		
P09029					stabilized
P09127			destabilized		
P09148			destabilized		
P09151			stabilized		
P09549			destabilized		
P09980					stabilized
P0A6A3			destabilized		
P0A6A8			destabilized		destabilized
P0A6B7					stabilized
P0A6F1					destabilized
P0A6F3					destabilized
P0A6G7					stabilized
P0A6H5			destabilized		
P0A6J5					stabilized
P0A6K1			stabilized		
P0A6K3					destabilized
P0A6N4					destabilized
P0A6Q3			stabilized		
P0A6R3			destabilized		
P0A6S5			destabilized		
P0A6T1					stabilized
P0A6T3			stabilized		
P0A6T5					stabilized
P0A6U5					stabilized
P0A6W0			destabilized		
P0A6X3					destabilized
P0A6Y8					destabilized
P0A715			stabilized		stabilized
P0A717			destabilized		
P0A722					stabilized
P0A731					destabilized
P0A734					stabilized
P0A742			stabilized		
P0A759			destabilized		
P0A784			destabilized		
P0A786					destabilized
P0A790			destabilized		
P0A794			destabilized		stabilized
P0A799					stabilized
P0A7B1			stabilized		
P0A7B3			stabilized		
P0A7C6					stabilized
P0A7D4					destabilized
P0A7D7					stabilized
P0A7I7					destabilized
P0A7K2			destabilized		
P0A7L3					destabilized
P0A7M2					destabilized
P0A7M6			destabilized		
P0A7M9					destabilized
P0A7N4			destabilized		
P0A7P5			destabilized		
P0A7Q1			destabilized		
P0A7Q6			stabilized		
P0A7R1					stabilized
P0A7R5			stabilized		stabilized
P0A7R9					destabilized
P0A7S9					destabilized
P0A7T3			stabilized		stabilized
P0A7T7					destabilized
P0A7U7					destabilized
P0A7W7					destabilized
P0A800			destabilized		
P0A850					destabilized
P0A853					stabilized
P0A858			destabilized		
P0A862			destabilized		
P0A867					stabilized
P0A870			destabilized		
P0A873			stabilized		stabilized
P0A877					destabilized
P0A879			stabilized		
P0A881			destabilized		
P0A884			stabilized		
P0A890			destabilized		
P0A898			destabilized		
P0A8A4					stabilized
P0A8B2					stabilized
P0A8B5			destabilized		
P0A8C1			destabilized		
P0A8G9			destabilized		stabilized
P0A8I1					stabilized
P0A8J2			destabilized		
P0A8J4			destabilized		
P0A8K5			destabilized		
P0A8N5					stabilized
P0A8R4			destabilized		
P0A8R7					stabilized
P0A8T7					destabilized
P0A8W0			stabilized		
P0A8W2			destabilized		
P0A8W5					stabilized
P0A8X0					stabilized
P0A8X2			destabilized		
P0A908					destabilized
P0A910			destabilized		
P0A917			destabilized		destabilized
P0A935					stabilized
P0A951					stabilized
P0A972			stabilized		
P0A988					destabilized
P0A993			destabilized		destabilized
P0A998			destabilized		
P0A9A9					stabilized
P0A9B2			destabilized		
P0A9C5			destabilized		
P0A9C9					destabilized
P0A9F3					stabilized
P0A9G6					stabilized
P0A9H5			destabilized		
P0A9I1			destabilized		
P0A9I3			destabilized		
P0A9L5					stabilized
P0A9M2			destabilized		stabilized
P0A9M5					destabilized
P0A9P0			stabilized		destabilized
P0A9Q7			destabilized		
P0A9R4			destabilized		
P0A9S1			destabilized		
P0A9T0			destabilized		
P0A9U1					stabilized
P0A9V1					destabilized
P0A9X1					stabilized
P0A9X9					stabilized
P0A9Y6			stabilized		stabilized
P0AA04					stabilized
P0AA10					destabilized
P0AA25			destabilized		
P0AA31			destabilized		
P0AAA9			destabilized		destabilized
P0AAB4			stabilized		
P0AAC4					destabilized
P0AAD4			stabilized		
P0AAH0			destabilized		
P0AAI9					stabilized
P0AAJ1			stabilized		stabilized
P0AAK1					stabilized
P0AAN5					destabilized
P0AAR8			destabilized		stabilized
P0AAS7					destabilized
P0AAT6			destabilized		
P0AAT9					stabilized
P0AAX8			destabilized		
P0AAZ7					stabilized
P0AB14			destabilized		
P0AB24					stabilized
P0AB26					stabilized
P0AB38					stabilized
P0AB52					stabilized
P0AB58					stabilized
P0AB61					stabilized
P0AB77					stabilized
P0AB96					stabilized
P0ABA0			destabilized		destabilized
P0ABB4					stabilized
P0ABC3			destabilized		stabilized
P0ABD8			destabilized		
P0ABF1					stabilized
P0ABF6			destabilized		
P0ABG4			stabilized		
P0ABH0			destabilized		
P0ABH7					destabilized
P0ABK5					destabilized
P0ABK9			destabilized		destabilized
P0ABL3			destabilized		stabilized
P0ABL5			destabilized		
P0ABP3			stabilized		stabilized
P0ABP8			destabilized		destabilized
P0ABS8			stabilized		
P0ABT2			destabilized		
P0ABU5					destabilized
P0ABU9			destabilized		
P0ABV6					stabilized
P0AC02			destabilized		
P0AC30					stabilized
P0AC47					destabilized
P0AC59			destabilized		
P0AC62			destabilized		
P0AC69			destabilized		
P0AC75					stabilized
P0AC81					destabilized
P0ACB4					stabilized
P0ACC7					stabilized
P0ACD4			destabilized		
P0ACF0			destabilized		
P0ACJ0					stabilized
P0ACJ8			destabilized		stabilized
P0ACM2					stabilized
P0ACN4					stabilized
P0ACR9					stabilized
P0ACT6					destabilized
P0ACU7			destabilized		
P0ACW6			destabilized		
P0ACX3			destabilized		stabilized
P0ACY9			destabilized		destabilized
P0AD05			destabilized		
P0AD07			destabilized		
P0AD10			destabilized		stabilized
P0AD24			destabilized		destabilized
P0AD27					destabilized
P0AD33					stabilized
P0AD42					stabilized
P0AD44			destabilized		
P0AD57			destabilized		destabilized
P0AD99			stabilized		
P0ADA1			stabilized		stabilized
P0ADA5					stabilized
P0ADD5			stabilized		
P0ADE6			destabilized		
P0ADG4			stabilized		
P0ADP0			destabilized		stabilized
P0ADP2			stabilized		
P0ADP9					stabilized
P0ADQ2			destabilized		
P0ADS2			destabilized		
P0ADS6			destabilized		
P0ADT2			destabilized		
P0ADU2			destabilized		destabilized
P0ADU5					stabilized
P0ADV1					stabilized
P0ADV7			destabilized		
P0ADV9					stabilized
P0ADW3					destabilized
P0ADX1			stabilized		destabilized
P0ADY3					destabilized
P0ADY7					destabilized
P0ADZ4			stabilized		
P0AE06					stabilized
P0AE08					destabilized
P0AE12			stabilized		
P0AE22					stabilized
P0AE60			stabilized		
P0AE70			destabilized		
P0AE72			destabilized		
P0AE78			destabilized		
P0AE88					stabilized
P0AEB2					destabilized
P0AEC3					stabilized
P0AED0			destabilized		
P0AED9			stabilized		
P0AEE1					destabilized
P0AEG4			destabilized		
P0AEG6			destabilized		
P0AEH1					destabilized
P0AEJ6					stabilized
P0AEL0			stabilized		
P0AEL3			destabilized		
P0AEM0			stabilized		
P0AEM4			destabilized		stabilized
P0AEM9					stabilized
P0AEP1			stabilized		
P0AEQ1			destabilized		destabilized
P0AES0			destabilized		
P0AES4					stabilized
P0AET2					stabilized
P0AET5			stabilized		
P0AEU7			destabilized		
P0AEW4					stabilized
P0AEY3					stabilized
P0AEZ3			destabilized		
P0AF03					stabilized
P0AF12			destabilized		
P0AF36			destabilized		
P0AF50			destabilized		
P0AF67			stabilized		
P0AF90			destabilized		
P0AF96					destabilized
P0AF98			stabilized		stabilized
P0AFA7					stabilized
P0AFB8			destabilized		stabilized
P0AFC7			destabilized		
P0AFD4			stabilized		
P0AFD6					stabilized
P0AFE0					destabilized
P0AFE8			stabilized		
P0AFF0			stabilized		
P0AFF6			stabilized		
P0AFG6					destabilized
P0AFG8					destabilized
P0AFH6					stabilized
P0AFH8			destabilized		
P0AFK4					stabilized
P0AFM6			destabilized		stabilized
P0AFM9			destabilized		stabilized
P0AFP6			destabilized		
P0AFQ2			stabilized		
P0AFQ7			destabilized		
P0AFT2			stabilized		
P0AFU0					stabilized
P0AFW4			stabilized		
P0AFX0			stabilized		
P0AFX4					stabilized
P0AFX7			destabilized		
P0AFY8					stabilized
P0AFZ3			destabilized		
P0AG00					stabilized
P0AG07			destabilized		
P0AG18			destabilized		
P0AG48					stabilized
P0AG51			destabilized		destabilized
P0AG59					destabilized
P0AG67					destabilized
P0AG78			destabilized		
P0AG96					destabilized
P0AG99			destabilized		
P0AGB3			stabilized		
P0AGE6			destabilized		destabilized
P0AGF6					destabilized
P0AGG2			destabilized		
P0AGG4			stabilized		
P0AGH1					destabilized
P0AGJ7			destabilized		destabilized
P0AGK8			destabilized		
P0AGL2			destabilized		
P0AGM7			stabilized		
P0C093					stabilized
P0C0S1			stabilized		stabilized
P0C0U4					stabilized
P0CE47					destabilized
P0CE48					destabilized
P0CG19			stabilized		
P10384			stabilized		
P10903					destabilized
P11875			destabilized		
P12758					stabilized
P13009					stabilized
P13016					stabilized
P13029					stabilized
P13033					stabilized
P13518			stabilized		
P13738			stabilized		
P14407			destabilized		
P15034			destabilized		
P15070			destabilized		
P15288			stabilized		
P15373					stabilized
P15639					destabilized
P16256			stabilized		
P16432					destabilized
P16456					stabilized
P16525			destabilized		
P16659					stabilized
P16703					destabilized
P17109					stabilized
P17117			destabilized		
P18776					destabilized
P19926			destabilized		
P19931			destabilized		
P19932			destabilized		
P19934			stabilized		
P20099			stabilized		
P21165			destabilized		stabilized
P21345			stabilized		
P21420					destabilized
P21513					stabilized
P21517			destabilized		
P21599					stabilized
P21888			stabilized		
P22186					stabilized
P22256					stabilized
P22259					stabilized
P22564					stabilized
P23305					stabilized
P23367			destabilized		
P23839			destabilized		
P23842					destabilized
P23847			destabilized		
P23857			destabilized		stabilized
P23869					stabilized
P23873			destabilized		
P23886					destabilized
P23894			destabilized		destabilized
P23908					stabilized
P23917					stabilized
P24171					stabilized
P24186					destabilized
P24192			destabilized		
P24215			destabilized		
P24224			destabilized		
P24230					stabilized
P24251					stabilized
P24255			destabilized		
P25437					stabilized
P25516			destabilized		destabilized
P25535			stabilized		
P25536			stabilized		
P25665					stabilized
P25718					destabilized
P25741			stabilized		
P25888			destabilized		
P25894			stabilized		
P26458					destabilized
P27248			destabilized		
P27278					stabilized
P27303			stabilized		
P27306			stabilized		
P27830			stabilized		
P27859					stabilized
P28306					stabilized
P28903			stabilized		
P29018					stabilized
P29131			destabilized		
P29208					stabilized
P29217			destabilized		
P30130			destabilized		
P30177					destabilized
P30750					stabilized
P31063					stabilized
P31064			stabilized		
P31119					stabilized
P31120			destabilized		
P31455			destabilized		
P31466					stabilized
P31553			stabilized		
P31658			destabilized		
P31680			stabilized		
P31979					destabilized
P32140			stabilized		
P32144			destabilized		
P32157					destabilized
P32162			destabilized		
P32166			stabilized		
P32684			destabilized		
P33018					stabilized
P33218			destabilized		
P33221					stabilized
P33363					stabilized
P35340					stabilized
P36655					destabilized
P36673					stabilized
P36680					stabilized
P37024			destabilized		
P37051					stabilized
P37095			destabilized		
P37127					stabilized
P37147			destabilized		
P37177					stabilized
P37180					stabilized
P37182			stabilized		destabilized
P37325					destabilized
P37344			destabilized		
P37624			stabilized		stabilized
P37637			stabilized		
P37650					stabilized
P37657			stabilized		
P37676			stabilized		
P37757					stabilized
P37773			stabilized		stabilized
P37903					stabilized
P38521			stabilized		destabilized
P39160					destabilized
P39161					stabilized
P39298					stabilized
P39310			destabilized		
P39325					destabilized
P39342			destabilized		
P39384			destabilized		
P39407			stabilized		
P39838			destabilized		stabilized
P40191			destabilized		
P40719			destabilized		
P40874					stabilized
P42616			stabilized		
P42641			stabilized		
P43329					stabilized
P43341					stabilized
P45395			stabilized		
P45425					stabilized
P45537			stabilized		
P45748			destabilized		
P45771			destabilized		
P45799			destabilized		
P45807					destabilized
P45955			destabilized		stabilized
P46125			destabilized		
P46474			destabilized		
P46853			destabilized		
P46888			stabilized		
P50456					stabilized
P50457			stabilized		
P51024			stabilized		
P51025			stabilized		
P52076					stabilized
P52108					stabilized
P52645			stabilized		
P56258					stabilized
P60390					stabilized
P60438					destabilized
P60566			destabilized		
P60651					stabilized
P60716			stabilized		
P60723			destabilized		destabilized
P60757					stabilized
P60778			stabilized		
P60872					destabilized
P61175					destabilized
P61949			destabilized		destabilized
P62707					stabilized
P62723					stabilized
P63020			destabilized		
P63228			stabilized		
P63235					destabilized
P63417			destabilized		
P64448			destabilized		stabilized
P64451			destabilized		stabilized
P64455					destabilized
P64461					stabilized
P64463			destabilized		stabilized
P64467			destabilized		
P64476			destabilized		
P64483			destabilized		
P64490			destabilized		
P64499			destabilized		stabilized
P64534			destabilized		
P64540			stabilized		
P64564			stabilized		
P64581			stabilized		stabilized
P64588			destabilized		stabilized
P64604			destabilized		
P65292			destabilized		
P65556					destabilized
P66817					stabilized
P67080					destabilized
P67244			stabilized		
P68191			destabilized		
P68567					stabilized
P68646			destabilized		
P68679					stabilized
P68688			destabilized		stabilized
P68699					stabilized
P68767			destabilized		destabilized
P69228					stabilized
P69330			destabilized		destabilized
P69346			destabilized		
P69380			stabilized		
P69425			destabilized		
P69428			destabilized		
P69451			stabilized		
P69506			destabilized		
P69739			destabilized		
P69741					stabilized
P69786					stabilized
P69801					destabilized
P69811					stabilized
P69874			destabilized		
P69908			destabilized		
P69910			destabilized		destabilized
P69922					stabilized
P69931					stabilized
P75691			stabilized		stabilized
P75694			destabilized		stabilized
P75728					stabilized
P75818			destabilized		
P75823			destabilized		
P75825					stabilized
P75882			stabilized		
P75883			destabilized		
P75884					stabilized
P75913					stabilized
P75914					stabilized
P75949					stabilized
P75958					destabilized
P75959					stabilized
P75960			stabilized		
P75989					stabilized
P76002					stabilized
P76004					stabilized
P76014			destabilized		
P76027			destabilized		
P76116					stabilized
P76141					destabilized
P76170			destabilized		
P76193			destabilized		destabilized
P76220					stabilized
P76231			destabilized		
P76256					stabilized
P76272					stabilized
P76406			destabilized		
P76418			stabilized		
P76445			destabilized		
P76539			stabilized		
P76558					destabilized
P76561			destabilized		
P76569			destabilized		stabilized
P76575					stabilized
P76576			destabilized		
P77150					destabilized
P77182					stabilized
P77252			destabilized		stabilized
P77330			destabilized		destabilized
P77335			stabilized		
P77348			destabilized		stabilized
P77374					destabilized
P77375			destabilized		
P77444			destabilized		
P77475			stabilized		
P77488			destabilized		
P77499					destabilized
P77539					stabilized
P77549					stabilized
P77554			destabilized		
P77569			destabilized		
P77667			stabilized		
P77695					destabilized
P77731					stabilized
P77737			destabilized		destabilized
P77754			stabilized		
P77783			destabilized		
P77791					stabilized
P78067			destabilized		
Q2M7R5			destabilized		stabilized
Q46799					stabilized
Q46803					stabilized
Q46808					stabilized
Q46814			destabilized		
Q46845					stabilized
Q46920			destabilized		stabilized
Q47622					destabilized
Q47679					destabilized
Q59385					destabilized
